Time,SSC_50cm(kg/m3),depth
2014/9/25 9:42,0.12,0.65
2014/9/25 9:44,0.11,0.7
2014/9/25 9:46,0.12,0.75
2014/9/25 9:48,0.12,0.8
2014/9/25 9:50,0.17,0.84
2014/9/25 9:52,0.18,0.9
2014/9/25 9:54,0.19,0.95
2014/9/25 9:56,0.21,1.01
2014/9/25 9:58,0.19,1.06
2014/9/25 10:00,0.21,1.11
2014/9/25 10:02,0.21,1.17
2014/9/25 10:04,0.21,1.23
2014/9/25 10:06,0.25,1.28
2014/9/25 10:08,0.24,1.33
2014/9/25 10:10,0.22,1.38
2014/9/25 10:12,0.23,1.43
2014/9/25 10:14,0.22,1.47
2014/9/25 10:16,0.22,1.52
2014/9/25 10:18,0.21,1.57
2014/9/25 10:20,0.21,1.62
2014/9/25 10:22,0.18,1.66
2014/9/25 10:24,0.16,1.7
2014/9/25 10:26,0.17,1.74
2014/9/25 10:28,0.17,1.79
2014/9/25 10:30,0.15,1.83
2014/9/25 10:32,0.12,1.87
2014/9/25 10:34,0.13,1.9
2014/9/25 10:36,0.16,1.93
2014/9/25 10:38,0.15,1.97
2014/9/25 10:40,0.14,2
2014/9/25 10:42,0.15,2.03
2014/9/25 10:44,0.16,2.07
2014/9/25 10:46,0.17,2.11
2014/9/25 10:48,0.17,2.14
2014/9/25 10:50,0.16,2.17
2014/9/25 10:52,0.16,2.2
2014/9/25 10:54,0.15,2.23
2014/9/25 10:56,0.14,2.26
2014/9/25 10:58,0.15,2.28
2014/9/25 11:00,0.15,2.31
2014/9/25 11:02,0.16,2.34
2014/9/25 11:04,0.15,2.36
2014/9/25 11:06,0.15,2.39
2014/9/25 11:08,0.14,2.42
2014/9/25 11:10,0.14,2.44
2014/9/25 11:12,0.13,2.46
2014/9/25 11:14,0.13,2.48
2014/9/25 11:16,0.12,2.51
2014/9/25 11:18,0.12,2.53
2014/9/25 11:20,0.12,2.54
2014/9/25 11:22,0.12,2.57
2014/9/25 11:24,0.12,2.59
2014/9/25 11:26,0.11,2.6
2014/9/25 11:28,0.11,2.63
2014/9/25 11:30,0.11,2.65
2014/9/25 11:32,0.11,2.67
2014/9/25 11:34,0.11,2.68
2014/9/25 11:36,0.11,2.7
2014/9/25 11:38,0.11,2.71
2014/9/25 11:40,0.11,2.73
2014/9/25 11:42,0.11,2.75
2014/9/25 11:44,0.11,2.77
2014/9/25 11:46,0.11,2.79
2014/9/25 11:48,0.11,2.81
2014/9/25 11:50,0.11,2.83
2014/9/25 11:52,0.11,2.84
2014/9/25 11:54,0.11,2.86
2014/9/25 11:56,0.11,2.89
2014/9/25 11:58,0.11,2.9
2014/9/25 12:00,0.11,2.91
2014/9/25 12:02,0.11,2.92
2014/9/25 12:04,0.11,2.95
2014/9/25 12:06,0.11,2.96
2014/9/25 12:08,0.11,2.97
2014/9/25 12:10,0.11,2.99
2014/9/25 12:12,0.11,3
2014/9/25 12:14,0.11,3.01
2014/9/25 12:16,0.11,3.03
2014/9/25 12:18,0.11,3.04
2014/9/25 12:20,0.11,3.06
2014/9/25 12:22,0.11,3.06
2014/9/25 12:24,0.11,3.07
2014/9/25 12:26,0.11,3.08
2014/9/25 12:28,0.11,3.09
2014/9/25 12:30,0.11,3.1
2014/9/25 12:32,0.11,3.1
2014/9/25 12:34,0.11,3.11
2014/9/25 12:36,0.11,3.12
2014/9/25 12:38,0.11,3.12
2014/9/25 12:40,0.11,3.12
2014/9/25 12:42,0.11,3.13
2014/9/25 12:44,0.11,3.13
2014/9/25 12:46,0.1,3.13
2014/9/25 12:48,0.11,3.13
2014/9/25 12:50,0.11,3.13
2014/9/25 12:52,0.11,3.13
2014/9/25 12:54,0.11,3.14
2014/9/25 12:56,0.11,3.14
2014/9/25 12:58,0.11,3.12
2014/9/25 13:00,0.1,3.13
2014/9/25 13:02,0.11,3.13
2014/9/25 13:04,0.11,3.13
2014/9/25 13:06,0.1,3.12
2014/9/25 13:08,0.11,3.13
2014/9/25 13:10,0.1,3.12
2014/9/25 13:12,0.1,3.12
2014/9/25 13:14,0.1,3.12
2014/9/25 13:16,0.1,3.12
2014/9/25 13:18,0.1,3.12
2014/9/25 13:20,0.1,3.12
2014/9/25 13:22,0.09,3.12
2014/9/25 13:24,0.09,3.11
2014/9/25 13:26,0.1,3.12
2014/9/25 13:28,0.1,3.11
2014/9/25 13:30,0.1,3.11
2014/9/25 13:32,0.11,3.12
2014/9/25 13:34,0.1,3.11
2014/9/25 13:36,0.1,3.1
2014/9/25 13:38,0.11,3.09
2014/9/25 13:40,0.11,3.08
2014/9/25 13:42,0.11,3.08
2014/9/25 13:44,0.11,3.06
2014/9/25 13:46,0.11,3.03
2014/9/25 13:48,0.11,3.04
2014/9/25 13:50,0.11,3.01
2014/9/25 13:52,0.11,2.99
2014/9/25 13:54,0.11,2.98
2014/9/25 13:56,0.11,2.96
2014/9/25 13:58,0.11,2.94
2014/9/25 14:00,0.1,2.92
2014/9/25 14:02,0.11,2.91
2014/9/25 14:04,0.11,2.91
2014/9/25 14:06,0.11,2.87
2014/9/25 14:08,0.1,2.86
2014/9/25 14:10,0.1,2.84
2014/9/25 14:12,0.1,2.81
2014/9/25 14:14,0.1,2.79
2014/9/25 14:16,0.09,2.75
2014/9/25 14:18,0.1,2.73
2014/9/25 14:20,0.1,2.7
2014/9/25 14:22,0.1,2.68
2014/9/25 14:24,0.09,2.65
2014/9/25 14:26,0.09,2.63
2014/9/25 14:28,0.09,2.59
2014/9/25 14:30,0.09,2.57
2014/9/25 14:32,0.09,2.54
2014/9/25 14:34,0.09,2.52
2014/9/25 14:36,0.09,2.48
2014/9/25 14:38,0.09,2.46
2014/9/25 14:40,0.1,2.44
2014/9/25 14:42,0.09,2.42
2014/9/25 14:44,0.09,2.39
2014/9/25 14:46,0.09,2.38
2014/9/25 14:48,0.1,2.36
2014/9/25 14:50,0.1,2.33
2014/9/25 14:52,0.1,2.3
2014/9/25 14:54,0.1,2.28
2014/9/25 14:56,0.1,2.26
2014/9/25 14:58,0.09,2.24
2014/9/25 15:00,0.09,2.22
2014/9/25 15:02,0.09,2.2
2014/9/25 15:04,0.09,2.18
2014/9/25 15:06,0.1,2.16
2014/9/25 15:08,0.09,2.14
2014/9/25 15:10,0.11,2.12
2014/9/25 15:12,0.09,2.1
2014/9/25 15:14,0.09,2.08
2014/9/25 15:16,0.1,2.07
2014/9/25 15:18,0.1,2.05
2014/9/25 15:20,0.1,2.03
2014/9/25 15:22,0.1,2.01
2014/9/25 15:24,0.09,2.01
2014/9/25 15:26,0.1,1.98
2014/9/25 15:28,0.1,1.96
2014/9/25 15:30,0.1,1.94
2014/9/25 15:32,0.11,1.92
2014/9/25 15:34,0.11,1.89
2014/9/25 15:36,0.11,1.88
2014/9/25 15:38,0.11,1.86
2014/9/25 15:40,0.1,1.84
2014/9/25 15:42,0.09,1.82
2014/9/25 15:44,0.11,1.81
2014/9/25 15:46,0.11,1.79
2014/9/25 15:48,0.11,1.76
2014/9/25 15:50,0.11,1.74
2014/9/25 15:52,0.11,1.72
2014/9/25 15:54,0.11,1.71
2014/9/25 15:56,0.11,1.7
2014/9/25 15:58,0.11,1.66
2014/9/25 16:00,0.11,1.64
2014/9/25 16:02,0.11,1.62
2014/9/25 16:04,0.11,1.62
2014/9/25 16:06,0.11,1.58
2014/9/25 16:08,0.11,1.57
2014/9/25 16:10,0.11,1.57
2014/9/25 16:12,0.11,1.54
2014/9/25 16:14,0.11,1.52
2014/9/25 16:16,0.11,1.5
2014/9/25 16:18,0.11,1.49
2014/9/25 16:20,0.1,1.46
2014/9/25 16:22,0.1,1.44
2014/9/25 16:24,0.1,1.44
2014/9/25 16:26,0.1,1.41
2014/9/25 16:28,0.1,1.38
2014/9/25 16:30,0.11,1.37
2014/9/25 16:32,0.1,1.36
2014/9/25 16:34,0.11,1.33
2014/9/25 16:36,0.11,1.3
2014/9/25 16:38,0.11,1.29
2014/9/25 16:40,0.1,1.28
2014/9/25 16:42,0.11,1.25
2014/9/25 16:44,0.11,1.23
2014/9/25 16:46,0.11,1.21
2014/9/25 16:48,0.11,1.19
2014/9/25 16:50,0.11,1.16
2014/9/25 16:52,0.1,1.15
2014/9/25 16:54,0.1,1.14
2014/9/25 16:56,0.11,1.11
2014/9/25 16:58,0.11,1.09
2014/9/25 17:00,0.11,1.07
2014/9/25 17:02,0.11,1.05
2014/9/25 17:04,0.11,1.03
2014/9/25 17:06,0.11,1.01
2014/9/25 17:08,0.11,0.98
2014/9/25 17:10,0.11,0.97
2014/9/25 17:12,0.11,0.95
2014/9/25 17:14,0.11,0.93
2014/9/25 17:16,0.11,0.91
2014/9/25 17:18,0.11,0.9
2014/9/25 17:20,0.11,0.89
2014/9/25 17:22,0.11,0.87
2014/9/25 17:24,0.11,0.84
2014/9/25 17:26,0.11,0.83
2014/9/25 17:28,0.11,0.82
2014/9/25 17:30,0.11,0.8
2014/9/25 17:32,0.11,0.79
2014/9/25 17:34,0.11,0.77
2014/9/25 17:36,0.11,0.75
2014/9/25 17:38,0.11,0.74
2014/9/25 17:40,0.12,0.72
2014/9/25 17:42,0.11,0.71
2014/9/25 17:44,0.11,0.7
2014/9/25 17:46,0.11,0.68
2014/9/25 17:48,0.11,0.66
2014/9/25 17:50,0.11,0.66
2014/9/25 17:52,0.11,0.65
2014/9/25 17:54,0.11,0.64
2014/9/25 17:56,0.11,0.63
2014/9/25 17:58,0.11,0.61
2014/9/25 18:00,0.11,0.61
2014/9/25 18:01,NAN,NAN
2014/9/25 21:56,0.27,0.66
2014/9/25 21:58,0.26,0.72
2014/9/25 22:00,0.27,0.78
2014/9/25 22:02,0.26,0.83
2014/9/25 22:04,0.24,0.9
2014/9/25 22:06,0.22,0.95
2014/9/25 22:08,0.24,1.01
2014/9/25 22:10,0.23,1.07
2014/9/25 22:12,0.23,1.12
2014/9/25 22:14,0.21,1.18
2014/9/25 22:16,0.2,1.23
2014/9/25 22:18,0.18,1.28
2014/9/25 22:20,0.16,1.34
2014/9/25 22:22,0.15,1.4
2014/9/25 22:24,0.13,1.44
2014/9/25 22:26,0.13,1.49
2014/9/25 22:28,0.13,1.54
2014/9/25 22:30,0.13,1.59
2014/9/25 22:32,0.13,1.63
2014/9/25 22:34,0.12,1.68
2014/9/25 22:36,0.14,1.72
2014/9/25 22:38,0.14,1.76
2014/9/25 22:40,0.15,1.8
2014/9/25 22:42,0.14,1.84
2014/9/25 22:44,0.14,1.88
2014/9/25 22:46,0.14,1.91
2014/9/25 22:48,0.15,1.94
2014/9/25 22:50,0.17,1.98
2014/9/25 22:52,0.18,2.02
2014/9/25 22:54,0.18,2.05
2014/9/25 22:56,0.18,2.07
2014/9/25 22:58,0.18,2.1
2014/9/25 23:00,0.16,2.14
2014/9/25 23:02,0.15,2.16
2014/9/25 23:04,0.16,2.19
2014/9/25 23:06,0.15,2.22
2014/9/25 23:08,0.15,2.25
2014/9/25 23:10,0.15,2.28
2014/9/25 23:12,0.16,2.3
2014/9/25 23:14,0.16,2.33
2014/9/25 23:16,0.16,2.36
2014/9/25 23:18,0.15,2.38
2014/9/25 23:20,0.16,2.41
2014/9/25 23:22,0.14,2.44
2014/9/25 23:24,0.14,2.46
2014/9/25 23:26,0.14,2.48
2014/9/25 23:28,0.15,2.5
2014/9/25 23:30,0.14,2.53
2014/9/25 23:32,0.13,2.55
2014/9/25 23:34,0.13,2.57
2014/9/25 23:36,0.13,2.6
2014/9/25 23:38,0.12,2.62
2014/9/25 23:40,0.14,2.64
2014/9/25 23:42,0.13,2.67
2014/9/25 23:44,0.13,2.69
2014/9/25 23:46,0.12,2.7
2014/9/25 23:48,0.11,2.72
2014/9/25 23:50,0.12,2.75
2014/9/25 23:52,0.12,2.76
2014/9/25 23:54,0.11,2.78
2014/9/25 23:56,0.11,2.81
2014/9/25 23:58,0.11,2.83
2014/9/26 0:00,0.11,2.85
2014/9/26 0:02,0.11,2.87
2014/9/26 0:04,0.11,2.89
2014/9/26 0:06,0.12,2.91
2014/9/26 0:08,0.12,2.93
2014/9/26 0:10,0.11,2.94
2014/9/26 0:12,0.12,2.96
2014/9/26 0:14,0.11,2.98
2014/9/26 0:16,0.12,2.99
2014/9/26 0:18,0.11,3.01
2014/9/26 0:20,0.11,3.02
2014/9/26 0:22,0.11,3.04
2014/9/26 0:24,0.11,3.05
2014/9/26 0:26,0.12,3.06
2014/9/26 0:28,0.12,3.08
2014/9/26 0:30,0.12,3.09
2014/9/26 0:32,0.12,3.1
2014/9/26 0:34,0.11,3.11
2014/9/26 0:36,0.11,3.12
2014/9/26 0:38,0.11,3.13
2014/9/26 0:40,0.11,3.14
2014/9/26 0:42,0.11,3.14
2014/9/26 0:44,0.11,3.15
2014/9/26 0:46,0.11,3.16
2014/9/26 0:48,0.11,3.16
2014/9/26 0:50,0.12,3.17
2014/9/26 0:52,0.11,3.17
2014/9/26 0:54,0.11,3.18
2014/9/26 0:56,0.11,3.18
2014/9/26 0:58,0.11,3.18
2014/9/26 1:00,0.11,3.18
2014/9/26 1:02,0.11,3.18
2014/9/26 1:04,0.11,3.17
2014/9/26 1:06,0.11,3.17
2014/9/26 1:08,0.11,3.17
2014/9/26 1:10,0.11,3.16
2014/9/26 1:12,0.11,3.16
2014/9/26 1:14,0.11,3.16
2014/9/26 1:16,0.11,3.16
2014/9/26 1:18,0.11,3.16
2014/9/26 1:20,0.11,3.16
2014/9/26 1:22,0.11,3.16
2014/9/26 1:24,0.11,3.15
2014/9/26 1:26,0.11,3.16
2014/9/26 1:28,0.11,3.15
2014/9/26 1:30,0.11,3.16
2014/9/26 1:32,0.11,3.16
2014/9/26 1:34,0.1,3.15
2014/9/26 1:36,0.1,3.15
2014/9/26 1:38,0.1,3.15
2014/9/26 1:40,0.1,3.14
2014/9/26 1:42,0.11,3.14
2014/9/26 1:44,0.11,3.14
2014/9/26 1:46,0.11,3.14
2014/9/26 1:48,0.11,3.14
2014/9/26 1:50,0.11,3.13
2014/9/26 1:52,0.11,3.12
2014/9/26 1:54,0.11,3.11
2014/9/26 1:56,0.11,3.09
2014/9/26 1:58,0.1,3.08
2014/9/26 2:00,0.1,3.07
2014/9/26 2:02,0.1,3.05
2014/9/26 2:04,0.1,3.03
2014/9/26 2:06,0.1,3.01
2014/9/26 2:08,0.1,2.99
2014/9/26 2:10,0.09,2.97
2014/9/26 2:12,0.1,2.95
2014/9/26 2:14,0.09,2.93
2014/9/26 2:16,0.09,2.91
2014/9/26 2:18,0.09,2.9
2014/9/26 2:20,0.09,2.88
2014/9/26 2:22,0.09,2.86
2014/9/26 2:24,0.08,2.83
2014/9/26 2:26,0.08,2.81
2014/9/26 2:28,0.08,2.78
2014/9/26 2:30,0.08,2.76
2014/9/26 2:32,0.08,2.73
2014/9/26 2:34,0.08,2.7
2014/9/26 2:36,0.08,2.67
2014/9/26 2:38,0.08,2.65
2014/9/26 2:40,0.08,2.63
2014/9/26 2:42,0.08,2.61
2014/9/26 2:44,0.08,2.57
2014/9/26 2:46,0.08,2.54
2014/9/26 2:48,0.08,2.54
2014/9/26 2:50,0.08,2.51
2014/9/26 2:52,0.09,2.48
2014/9/26 2:54,0.08,2.44
2014/9/26 2:56,0.08,2.41
2014/9/26 2:58,0.09,2.4
2014/9/26 3:00,0.08,2.38
2014/9/26 3:02,0.09,2.35
2014/9/26 3:04,0.08,2.33
2014/9/26 3:06,0.08,2.3
2014/9/26 3:08,0.09,2.28
2014/9/26 3:10,0.08,2.26
2014/9/26 3:12,0.08,2.23
2014/9/26 3:14,0.08,2.22
2014/9/26 3:16,0.08,2.2
2014/9/26 3:18,0.08,2.17
2014/9/26 3:20,0.08,2.16
2014/9/26 3:22,0.08,2.14
2014/9/26 3:24,0.08,2.12
2014/9/26 3:26,0.08,2.09
2014/9/26 3:28,0.09,2.07
2014/9/26 3:30,0.09,2.06
2014/9/26 3:32,0.08,2.04
2014/9/26 3:34,0.08,2.02
2014/9/26 3:36,0.09,2
2014/9/26 3:38,0.09,1.98
2014/9/26 3:40,0.09,1.95
2014/9/26 3:42,0.09,1.94
2014/9/26 3:44,0.08,1.92
2014/9/26 3:46,0.09,1.9
2014/9/26 3:48,0.09,1.87
2014/9/26 3:50,0.09,1.85
2014/9/26 3:52,0.09,1.84
2014/9/26 3:54,0.09,1.82
2014/9/26 3:56,0.09,1.79
2014/9/26 3:58,0.09,1.77
2014/9/26 4:00,0.09,1.76
2014/9/26 4:02,0.08,1.74
2014/9/26 4:04,0.08,1.72
2014/9/26 4:06,0.08,1.7
2014/9/26 4:08,0.08,1.68
2014/9/26 4:10,0.08,1.67
2014/9/26 4:12,0.09,1.64
2014/9/26 4:14,0.09,1.62
2014/9/26 4:16,0.09,1.61
2014/9/26 4:18,0.09,1.59
2014/9/26 4:20,0.09,1.57
2014/9/26 4:22,0.09,1.56
2014/9/26 4:24,0.09,1.53
2014/9/26 4:26,0.09,1.52
2014/9/26 4:28,0.09,1.5
2014/9/26 4:30,0.09,1.48
2014/9/26 4:32,0.09,1.46
2014/9/26 4:34,0.09,1.44
2014/9/26 4:36,0.1,1.42
2014/9/26 4:38,0.09,1.4
2014/9/26 4:40,0.08,1.38
2014/9/26 4:42,0.08,1.37
2014/9/26 4:44,0.09,1.34
2014/9/26 4:46,0.09,1.32
2014/9/26 4:48,0.09,1.3
2014/9/26 4:50,0.09,1.29
2014/9/26 4:52,0.1,1.26
2014/9/26 4:54,0.1,1.24
2014/9/26 4:56,0.11,1.22
2014/9/26 4:58,0.1,1.2
2014/9/26 5:00,0.11,1.18
2014/9/26 5:02,0.11,1.16
2014/9/26 5:04,0.1,1.14
2014/9/26 5:06,0.09,1.12
2014/9/26 5:08,0.09,1.09
2014/9/26 5:10,0.09,1.08
2014/9/26 5:12,0.09,1.05
2014/9/26 5:14,0.09,1.03
2014/9/26 5:16,0.09,1.01
2014/9/26 5:18,0.1,1
2014/9/26 5:20,0.1,0.97
2014/9/26 5:22,0.09,0.96
2014/9/26 5:24,0.09,0.93
2014/9/26 5:26,0.09,0.92
2014/9/26 5:28,0.1,0.9
2014/9/26 5:30,0.11,0.88
2014/9/26 5:32,0.11,0.87
2014/9/26 5:34,0.1,0.84
2014/9/26 5:36,0.1,0.83
2014/9/26 5:38,0.1,0.81
2014/9/26 5:40,0.1,0.8
2014/9/26 5:42,0.1,0.78
2014/9/26 5:44,0.11,0.76
2014/9/26 5:46,0.1,0.75
2014/9/26 5:48,0.11,0.72
2014/9/26 5:50,0.11,0.71
2014/9/26 5:52,0.1,0.7
2014/9/26 5:54,0.1,0.69
2014/9/26 5:56,0.1,0.68
2014/9/26 5:58,0.1,0.65
2014/9/26 6:00,0.11,0.64
2014/9/26 6:02,0.1,0.63
2014/9/26 6:04,0.1,0.62
2014/9/26 6:06,0.1,0.61
2014/9/26 6:07,NAN,NAN
2014/9/26 10:38,0.29,0.66
2014/9/26 10:40,0.28,0.71
2014/9/26 10:42,0.28,0.76
2014/9/26 10:44,0.27,0.8
2014/9/26 10:46,0.27,0.85
2014/9/26 10:48,0.27,0.91
2014/9/26 10:50,0.27,0.96
2014/9/26 10:52,0.27,1
2014/9/26 10:54,0.23,1.04
2014/9/26 10:56,0.21,1.08
2014/9/26 10:58,0.19,1.11
2014/9/26 11:00,0.19,1.15
2014/9/26 11:02,0.21,1.19
2014/9/26 11:04,0.23,1.22
2014/9/26 11:06,0.25,1.26
2014/9/26 11:08,0.24,1.3
2014/9/26 11:10,0.24,1.33
2014/9/26 11:12,0.23,1.35
2014/9/26 11:14,0.23,1.38
2014/9/26 11:16,0.22,1.42
2014/9/26 11:18,0.21,1.45
2014/9/26 11:20,0.21,1.46
2014/9/26 11:22,0.19,1.49
2014/9/26 11:24,0.2,1.52
2014/9/26 11:26,0.2,1.55
2014/9/26 11:28,0.19,1.58
2014/9/26 11:30,0.19,1.61
2014/9/26 11:32,0.19,1.63
2014/9/26 11:34,0.19,1.66
2014/9/26 11:36,0.19,1.68
2014/9/26 11:38,0.19,1.7
2014/9/26 11:40,0.18,1.74
2014/9/26 11:42,0.18,1.76
2014/9/26 11:44,0.16,1.77
2014/9/26 11:46,0.16,1.8
2014/9/26 11:48,0.16,1.82
2014/9/26 11:50,0.17,1.84
2014/9/26 11:52,0.17,1.87
2014/9/26 11:54,0.18,1.89
2014/9/26 11:56,0.16,1.9
2014/9/26 11:58,0.16,1.93
2014/9/26 12:00,0.17,1.94
2014/9/26 12:02,0.17,1.96
2014/9/26 12:04,0.16,1.99
2014/9/26 12:06,0.16,2
2014/9/26 12:08,0.17,2.02
2014/9/26 12:10,0.16,2.05
2014/9/26 12:12,0.17,2.07
2014/9/26 12:14,0.17,2.08
2014/9/26 12:16,0.17,2.1
2014/9/26 12:18,0.18,2.12
2014/9/26 12:20,0.18,2.14
2014/9/26 12:22,0.15,2.15
2014/9/26 12:24,0.14,2.17
2014/9/26 12:26,0.14,2.2
2014/9/26 12:28,0.13,2.21
2014/9/26 12:30,0.13,2.24
2014/9/26 12:32,0.14,2.25
2014/9/26 12:34,0.14,2.26
2014/9/26 12:36,0.14,2.28
2014/9/26 12:38,0.14,2.29
2014/9/26 12:40,0.13,2.31
2014/9/26 12:42,0.13,2.32
2014/9/26 12:44,0.13,2.34
2014/9/26 12:46,0.14,2.35
2014/9/26 12:48,0.12,2.36
2014/9/26 12:50,0.12,2.38
2014/9/26 12:52,0.12,2.39
2014/9/26 12:54,0.13,2.4
2014/9/26 12:56,0.13,2.41
2014/9/26 12:58,0.13,2.41
2014/9/26 13:00,0.13,2.42
2014/9/26 13:02,0.13,2.42
2014/9/26 13:04,0.13,2.43
2014/9/26 13:06,0.14,2.44
2014/9/26 13:08,0.13,2.45
2014/9/26 13:10,0.13,2.45
2014/9/26 13:12,0.12,2.45
2014/9/26 13:14,0.13,2.45
2014/9/26 13:16,0.12,2.46
2014/9/26 13:18,0.12,2.45
2014/9/26 13:20,0.12,2.45
2014/9/26 13:22,0.12,2.45
2014/9/26 13:24,0.12,2.45
2014/9/26 13:26,0.12,2.45
2014/9/26 13:28,0.11,2.45
2014/9/26 13:30,0.12,2.45
2014/9/26 13:32,0.12,2.45
2014/9/26 13:34,0.12,2.45
2014/9/26 13:36,0.11,2.44
2014/9/26 13:38,0.11,2.45
2014/9/26 13:40,0.11,2.45
2014/9/26 13:42,0.11,2.45
2014/9/26 13:44,0.11,2.45
2014/9/26 13:46,0.11,2.45
2014/9/26 13:48,0.11,2.45
2014/9/26 13:50,0.11,2.45
2014/9/26 13:52,0.11,2.45
2014/9/26 13:54,0.11,2.45
2014/9/26 13:56,0.11,2.45
2014/9/26 13:58,0.11,2.43
2014/9/26 14:00,0.11,2.43
2014/9/26 14:02,0.11,2.43
2014/9/26 14:04,0.12,2.43
2014/9/26 14:06,0.12,2.42
2014/9/26 14:08,0.11,2.41
2014/9/26 14:10,0.13,2.4
2014/9/26 14:12,0.12,2.39
2014/9/26 14:14,0.13,2.38
2014/9/26 14:16,0.11,2.36
2014/9/26 14:18,0.11,2.34
2014/9/26 14:20,0.11,2.32
2014/9/26 14:22,0.11,2.31
2014/9/26 14:24,0.11,2.29
2014/9/26 14:26,0.11,2.28
2014/9/26 14:28,0.11,2.26
2014/9/26 14:30,0.11,2.24
2014/9/26 14:32,0.11,2.23
2014/9/26 14:34,0.11,2.21
2014/9/26 14:36,0.11,2.19
2014/9/26 14:38,0.11,2.17
2014/9/26 14:40,0.11,2.15
2014/9/26 14:42,0.11,2.12
2014/9/26 14:44,0.11,2.09
2014/9/26 14:46,0.11,2.07
2014/9/26 14:48,0.11,2.05
2014/9/26 14:50,0.12,2.02
2014/9/26 14:52,0.12,1.99
2014/9/26 14:54,0.14,1.97
2014/9/26 14:56,0.14,1.94
2014/9/26 14:58,0.11,1.92
2014/9/26 15:00,0.11,1.9
2014/9/26 15:02,0.14,1.86
2014/9/26 15:04,0.12,1.85
2014/9/26 15:06,0.14,1.82
2014/9/26 15:08,0.12,1.8
2014/9/26 15:10,0.11,1.77
2014/9/26 15:12,0.12,1.75
2014/9/26 15:14,0.11,1.74
2014/9/26 15:16,0.11,1.7
2014/9/26 15:18,0.12,1.68
2014/9/26 15:20,0.12,1.65
2014/9/26 15:22,0.12,1.64
2014/9/26 15:24,0.14,1.61
2014/9/26 15:26,0.16,1.59
2014/9/26 15:28,0.14,1.57
2014/9/26 15:30,0.15,1.54
2014/9/26 15:32,0.15,1.52
2014/9/26 15:34,0.14,1.51
2014/9/26 15:36,0.12,1.49
2014/9/26 15:38,0.13,1.47
2014/9/26 15:40,0.13,1.45
2014/9/26 15:42,0.12,1.43
2014/9/26 15:44,0.13,1.41
2014/9/26 15:46,0.15,1.39
2014/9/26 15:48,0.16,1.38
2014/9/26 15:50,0.13,1.36
2014/9/26 15:52,0.13,1.34
2014/9/26 15:54,0.13,1.33
2014/9/26 15:56,0.12,1.29
2014/9/26 15:58,0.13,1.29
2014/9/26 16:00,0.13,1.27
2014/9/26 16:02,0.14,1.24
2014/9/26 16:04,0.13,1.23
2014/9/26 16:06,0.13,1.2
2014/9/26 16:08,0.2,1.18
2014/9/26 16:10,0.15,1.17
2014/9/26 16:12,0.21,1.15
2014/9/26 16:14,0.21,1.14
2014/9/26 16:16,0.18,1.11
2014/9/26 16:18,0.17,1.09
2014/9/26 16:20,0.18,1.08
2014/9/26 16:22,0.17,1.06
2014/9/26 16:24,0.14,1.04
2014/9/26 16:26,0.15,1.02
2014/9/26 16:28,0.14,1
2014/9/26 16:30,0.14,0.98
2014/9/26 16:32,0.14,0.96
2014/9/26 16:34,0.15,0.95
2014/9/26 16:36,0.15,0.93
2014/9/26 16:38,0.14,0.91
2014/9/26 16:40,0.13,0.89
2014/9/26 16:42,0.14,0.87
2014/9/26 16:44,0.16,0.86
2014/9/26 16:46,0.15,0.84
2014/9/26 16:48,0.15,0.82
2014/9/26 16:50,0.13,0.81
2014/9/26 16:52,0.12,0.77
2014/9/26 16:54,0.12,0.77
2014/9/26 16:56,0.12,0.75
2014/9/26 16:58,0.12,0.73
2014/9/26 17:00,0.12,0.7
2014/9/26 17:02,0.13,0.69
2014/9/26 17:04,0.12,0.67
2014/9/26 17:06,0.13,0.64
2014/9/26 17:08,NAN,NAN
2014/9/26 23:20,0.25,0.64
2014/9/26 23:22,0.25,0.67
2014/9/26 23:24,0.25,0.7
2014/9/26 23:26,0.23,0.73
2014/9/26 23:28,0.24,0.76
2014/9/26 23:30,0.23,0.79
2014/9/26 23:32,0.24,0.83
2014/9/26 23:34,0.25,0.85
2014/9/26 23:36,0.24,0.88
2014/9/26 23:38,0.23,0.91
2014/9/26 23:40,0.23,0.93
2014/9/26 23:42,0.24,0.96
2014/9/26 23:44,0.22,0.99
2014/9/26 23:46,0.22,1.01
2014/9/26 23:48,0.21,1.04
2014/9/26 23:50,0.21,1.06
2014/9/26 23:52,0.2,1.08
2014/9/26 23:54,0.2,1.11
2014/9/26 23:56,0.19,1.13
2014/9/26 23:58,0.19,1.15
2014/9/27 0:00,0.19,1.17
2014/9/27 0:02,0.18,1.2
2014/9/27 0:04,0.18,1.22
2014/9/27 0:06,0.19,1.24
2014/9/27 0:08,0.2,1.26
2014/9/27 0:10,0.19,1.28
2014/9/27 0:12,0.2,1.31
2014/9/27 0:14,0.2,1.32
2014/9/27 0:16,0.19,1.35
2014/9/27 0:18,0.18,1.37
2014/9/27 0:20,0.18,1.38
2014/9/27 0:22,0.18,1.4
2014/9/27 0:24,0.18,1.42
2014/9/27 0:26,0.18,1.44
2014/9/27 0:28,0.16,1.47
2014/9/27 0:30,0.18,1.48
2014/9/27 0:32,0.17,1.5
2014/9/27 0:34,0.17,1.52
2014/9/27 0:36,0.16,1.53
2014/9/27 0:38,0.16,1.55
2014/9/27 0:40,0.17,1.56
2014/9/27 0:42,0.16,1.58
2014/9/27 0:44,0.17,1.6
2014/9/27 0:46,0.16,1.62
2014/9/27 0:48,0.16,1.63
2014/9/27 0:50,0.16,1.64
2014/9/27 0:52,0.16,1.66
2014/9/27 0:54,0.16,1.67
2014/9/27 0:56,0.16,1.67
2014/9/27 0:58,0.16,1.69
2014/9/27 1:00,0.15,1.7
2014/9/27 1:02,0.15,1.71
2014/9/27 1:04,0.15,1.72
2014/9/27 1:06,0.14,1.74
2014/9/27 1:08,0.14,1.74
2014/9/27 1:10,0.13,1.75
2014/9/27 1:12,0.13,1.76
2014/9/27 1:14,0.12,1.76
2014/9/27 1:16,0.12,1.77
2014/9/27 1:18,0.12,1.77
2014/9/27 1:20,0.12,1.78
2014/9/27 1:22,0.12,1.78
2014/9/27 1:24,0.12,1.78
2014/9/27 1:26,0.12,1.79
2014/9/27 1:28,0.12,1.79
2014/9/27 1:30,0.12,1.78
2014/9/27 1:32,0.12,1.78
2014/9/27 1:34,0.12,1.78
2014/9/27 1:36,0.12,1.78
2014/9/27 1:38,0.11,1.78
2014/9/27 1:40,0.11,1.78
2014/9/27 1:42,0.11,1.77
2014/9/27 1:44,0.11,1.77
2014/9/27 1:46,0.11,1.77
2014/9/27 1:48,0.11,1.78
2014/9/27 1:50,0.11,1.77
2014/9/27 1:52,0.11,1.77
2014/9/27 1:54,0.11,1.77
2014/9/27 1:56,0.11,1.77
2014/9/27 1:58,0.11,1.77
2014/9/27 2:00,0.11,1.77
2014/9/27 2:02,0.11,1.77
2014/9/27 2:04,0.11,1.77
2014/9/27 2:06,0.11,1.77
2014/9/27 2:08,0.11,1.77
2014/9/27 2:10,0.11,1.76
2014/9/27 2:12,0.11,1.76
2014/9/27 2:14,0.11,1.77
2014/9/27 2:16,0.11,1.74
2014/9/27 2:18,0.11,1.75
2014/9/27 2:20,0.11,1.74
2014/9/27 2:22,0.11,1.72
2014/9/27 2:24,0.11,1.71
2014/9/27 2:26,0.11,1.69
2014/9/27 2:28,0.11,1.68
2014/9/27 2:30,0.11,1.66
2014/9/27 2:32,0.11,1.65
2014/9/27 2:34,0.11,1.63
2014/9/27 2:36,0.11,1.61
2014/9/27 2:38,0.11,1.59
2014/9/27 2:40,0.11,1.58
2014/9/27 2:42,0.11,1.56
2014/9/27 2:44,0.1,1.54
2014/9/27 2:46,0.1,1.53
2014/9/27 2:48,0.1,1.5
2014/9/27 2:50,0.1,1.48
2014/9/27 2:52,0.1,1.46
2014/9/27 2:54,0.1,1.43
2014/9/27 2:56,0.1,1.4
2014/9/27 2:58,0.1,1.38
2014/9/27 3:00,0.1,1.35
2014/9/27 3:02,0.1,1.32
2014/9/27 3:04,0.1,1.3
2014/9/27 3:06,0.1,1.27
2014/9/27 3:08,0.1,1.24
2014/9/27 3:10,0.11,1.22
2014/9/27 3:12,0.17,1.2
2014/9/27 3:14,0.13,1.17
2014/9/27 3:16,0.17,1.15
2014/9/27 3:18,0.14,1.11
2014/9/27 3:20,0.11,1.09
2014/9/27 3:22,0.11,1.07
2014/9/27 3:24,0.1,1.05
2014/9/27 3:26,0.1,1.02
2014/9/27 3:28,0.11,1
2014/9/27 3:30,0.1,0.98
2014/9/27 3:32,0.1,0.95
2014/9/27 3:34,0.1,0.93
2014/9/27 3:36,0.1,0.91
2014/9/27 3:38,0.1,0.89
2014/9/27 3:40,0.1,0.87
2014/9/27 3:42,0.1,0.85
2014/9/27 3:44,0.11,0.83
2014/9/27 3:46,0.11,0.81
2014/9/27 3:48,0.11,0.79
2014/9/27 3:50,0.1,0.77
2014/9/27 3:52,0.1,0.76
2014/9/27 3:54,0.11,0.73
2014/9/27 3:56,0.1,0.72
2014/9/27 3:58,0.1,0.7
2014/9/27 4:00,0.1,0.68
2014/9/27 4:02,0.1,0.66
2014/9/27 4:04,0.1,0.65
2014/9/27 4:06,0.1,0.63
2014/9/27 4:06,NAN,NAN
2014/9/27 11:30,0.26,0.64
2014/9/27 11:32,0.26,0.67
2014/9/27 11:34,0.26,0.71
2014/9/27 11:36,0.26,0.73
2014/9/27 11:38,0.24,0.76
2014/9/27 11:40,0.24,0.79
2014/9/27 11:42,0.23,0.83
2014/9/27 11:44,0.23,0.86
2014/9/27 11:46,0.22,0.89
2014/9/27 11:48,0.23,0.92
2014/9/27 11:50,0.22,0.94
2014/9/27 11:52,0.22,0.97
2014/9/27 11:54,0.25,0.99
2014/9/27 11:56,0.25,1.02
2014/9/27 11:58,0.21,1.04
2014/9/27 12:00,0.2,1.07
2014/9/27 12:02,0.21,1.1
2014/9/27 12:04,0.19,1.11
2014/9/27 12:06,0.19,1.14
2014/9/27 12:08,0.18,1.16
2014/9/27 12:10,0.18,1.19
2014/9/27 12:12,0.19,1.2
2014/9/27 12:14,0.18,1.23
2014/9/27 12:16,0.17,1.25
2014/9/27 12:18,0.17,1.27
2014/9/27 12:20,0.18,1.3
2014/9/27 12:22,0.19,1.32
2014/9/27 12:24,0.18,1.34
2014/9/27 12:26,0.18,1.36
2014/9/27 12:28,0.19,1.39
2014/9/27 12:30,0.19,1.4
2014/9/27 12:32,0.2,1.42
2014/9/27 12:34,0.19,1.44
2014/9/27 12:36,0.17,1.46
2014/9/27 12:38,0.18,1.49
2014/9/27 12:40,0.18,1.5
2014/9/27 12:42,0.17,1.52
2014/9/27 12:44,0.18,1.54
2014/9/27 12:46,0.18,1.56
2014/9/27 12:48,0.18,1.58
2014/9/27 12:50,0.18,1.6
2014/9/27 12:52,0.18,1.62
2014/9/27 12:54,0.18,1.64
2014/9/27 12:56,0.18,1.65
2014/9/27 12:58,0.19,1.66
2014/9/27 13:00,0.18,1.69
2014/9/27 13:02,0.16,1.7
2014/9/27 13:04,0.16,1.72
2014/9/27 13:06,0.16,1.73
2014/9/27 13:08,0.15,1.75
2014/9/27 13:10,0.15,1.76
2014/9/27 13:12,0.15,1.78
2014/9/27 13:14,0.15,1.79
2014/9/27 13:16,0.15,1.8
2014/9/27 13:18,0.15,1.81
2014/9/27 13:20,0.15,1.82
2014/9/27 13:22,0.15,1.82
2014/9/27 13:24,0.14,1.84
2014/9/27 13:26,0.14,1.84
2014/9/27 13:28,0.14,1.85
2014/9/27 13:30,0.14,1.87
2014/9/27 13:32,0.13,1.87
2014/9/27 13:34,0.14,1.88
2014/9/27 13:36,0.14,1.88
2014/9/27 13:38,0.14,1.88
2014/9/27 13:40,0.13,1.89
2014/9/27 13:42,0.14,1.89
2014/9/27 13:44,0.13,1.88
2014/9/27 13:46,0.13,1.88
2014/9/27 13:48,0.13,1.88
2014/9/27 13:50,0.12,1.89
2014/9/27 13:52,0.13,1.88
2014/9/27 13:54,0.12,1.89
2014/9/27 13:56,0.11,1.89
2014/9/27 13:58,0.12,1.9
2014/9/27 14:00,0.11,1.88
2014/9/27 14:02,0.11,1.89
2014/9/27 14:04,0.11,1.89
2014/9/27 14:06,0.11,1.88
2014/9/27 14:08,0.11,1.88
2014/9/27 14:10,0.11,1.88
2014/9/27 14:12,0.11,1.9
2014/9/27 14:14,0.11,1.9
2014/9/27 14:16,0.11,1.89
2014/9/27 14:18,0.11,1.89
2014/9/27 14:20,0.11,1.88
2014/9/27 14:22,0.11,1.88
2014/9/27 14:24,0.11,1.88
2014/9/27 14:26,0.11,1.88
2014/9/27 14:28,0.11,1.87
2014/9/27 14:30,0.11,1.87
2014/9/27 14:32,0.11,1.88
2014/9/27 14:34,0.11,1.85
2014/9/27 14:36,0.11,1.84
2014/9/27 14:38,0.11,1.83
2014/9/27 14:40,0.11,1.82
2014/9/27 14:42,0.11,1.8
2014/9/27 14:44,0.11,1.79
2014/9/27 14:46,0.11,1.78
2014/9/27 14:48,0.11,1.76
2014/9/27 14:50,0.11,1.74
2014/9/27 14:52,0.11,1.73
2014/9/27 14:54,0.11,1.72
2014/9/27 14:56,0.11,1.7
2014/9/27 14:58,0.12,1.69
2014/9/27 15:00,0.11,1.67
2014/9/27 15:02,0.11,1.65
2014/9/27 15:04,0.11,1.64
2014/9/27 15:06,0.11,1.61
2014/9/27 15:08,0.11,1.58
2014/9/27 15:10,0.11,1.56
2014/9/27 15:12,0.11,1.53
2014/9/27 15:14,0.11,1.51
2014/9/27 15:16,0.11,1.48
2014/9/27 15:18,0.11,1.46
2014/9/27 15:20,0.11,1.43
2014/9/27 15:22,0.11,1.4
2014/9/27 15:24,0.11,1.38
2014/9/27 15:26,0.12,1.35
2014/9/27 15:28,0.12,1.32
2014/9/27 15:30,0.12,1.3
2014/9/27 15:32,0.11,1.28
2014/9/27 15:34,0.11,1.25
2014/9/27 15:36,0.11,1.23
2014/9/27 15:38,0.11,1.21
2014/9/27 15:40,0.11,1.18
2014/9/27 15:42,0.11,1.16
2014/9/27 15:44,0.11,1.14
2014/9/27 15:46,0.12,1.12
2014/9/27 15:48,0.11,1.09
2014/9/27 15:50,0.11,1.08
2014/9/27 15:52,0.11,1.06
2014/9/27 15:54,0.11,1.03
2014/9/27 15:56,0.11,1.02
2014/9/27 15:58,0.11,1
2014/9/27 16:00,0.11,0.98
2014/9/27 16:02,0.11,0.96
2014/9/27 16:04,0.11,0.94
2014/9/27 16:06,0.11,0.92
2014/9/27 16:08,0.11,0.89
2014/9/27 16:10,0.11,0.88
2014/9/27 16:12,0.11,0.86
2014/9/27 16:14,0.11,0.85
2014/9/27 16:16,0.11,0.83
2014/9/27 16:18,0.11,0.81
2014/9/27 16:20,0.11,0.8
2014/9/27 16:22,0.11,0.77
2014/9/27 16:24,0.11,0.75
2014/9/27 16:26,0.11,0.74
2014/9/27 16:28,0.11,0.71
2014/9/27 16:30,0.12,0.7
2014/9/27 16:32,0.12,0.68
2014/9/27 16:34,0.12,0.66
2014/9/27 16:36,0.12,0.65
2014/9/27 16:38,0.12,0.63
2014/9/27 16:40,0.12,0.61
2014/9/27 16:40,NAN,NAN
2014/9/27 23:52,0.26,0.63
2014/9/27 23:54,0.26,0.66
2014/9/27 23:56,0.26,0.68
2014/9/27 23:58,0.25,0.71
2014/9/28 0:00,0.24,0.74
2014/9/28 0:02,0.22,0.77
2014/9/28 0:04,0.22,0.79
2014/9/28 0:06,0.22,0.81
2014/9/28 0:08,0.21,0.84
2014/9/28 0:10,0.2,0.87
2014/9/28 0:12,0.2,0.89
2014/9/28 0:14,0.2,0.92
2014/9/28 0:16,0.2,0.94
2014/9/28 0:18,0.21,0.96
2014/9/28 0:20,0.2,0.98
2014/9/28 0:22,0.21,1
2014/9/28 0:24,0.2,1.02
2014/9/28 0:26,0.2,1.04
2014/9/28 0:28,0.19,1.06
2014/9/28 0:30,0.19,1.09
2014/9/28 0:32,0.19,1.11
2014/9/28 0:34,0.19,1.13
2014/9/28 0:36,0.18,1.15
2014/9/28 0:38,0.16,1.17
2014/9/28 0:40,0.15,1.19
2014/9/28 0:42,0.15,1.2
2014/9/28 0:44,0.15,1.23
2014/9/28 0:46,0.16,1.25
2014/9/28 0:48,0.16,1.27
2014/9/28 0:50,0.16,1.28
2014/9/28 0:52,0.16,1.3
2014/9/28 0:54,0.15,1.33
2014/9/28 0:56,0.16,1.34
2014/9/28 0:58,0.15,1.36
2014/9/28 1:00,0.15,1.38
2014/9/28 1:02,0.15,1.4
2014/9/28 1:04,0.14,1.42
2014/9/28 1:06,0.14,1.43
2014/9/28 1:08,0.14,1.44
2014/9/28 1:10,0.13,1.46
2014/9/28 1:12,0.14,1.48
2014/9/28 1:14,0.14,1.49
2014/9/28 1:16,0.14,1.51
2014/9/28 1:18,0.13,1.51
2014/9/28 1:20,0.14,1.53
2014/9/28 1:22,0.14,1.54
2014/9/28 1:24,0.15,1.56
2014/9/28 1:26,0.14,1.57
2014/9/28 1:28,0.15,1.58
2014/9/28 1:30,0.15,1.59
2014/9/28 1:32,0.15,1.6
2014/9/28 1:34,0.15,1.61
2014/9/28 1:36,0.15,1.62
2014/9/28 1:38,0.15,1.63
2014/9/28 1:40,0.15,1.64
2014/9/28 1:42,0.14,1.64
2014/9/28 1:44,0.15,1.65
2014/9/28 1:46,0.15,1.65
2014/9/28 1:48,0.14,1.66
2014/9/28 1:50,0.15,1.66
2014/9/28 1:52,0.14,1.66
2014/9/28 1:54,0.14,1.66
2014/9/28 1:56,0.15,1.67
2014/9/28 1:58,0.12,1.67
2014/9/28 2:00,0.13,1.67
2014/9/28 2:02,0.11,1.67
2014/9/28 2:04,0.11,1.67
2014/9/28 2:06,0.11,1.67
2014/9/28 2:08,0.11,1.67
2014/9/28 2:10,0.11,1.67
2014/9/28 2:12,0.11,1.66
2014/9/28 2:14,0.11,1.67
2014/9/28 2:16,0.11,1.67
2014/9/28 2:18,0.11,1.67
2014/9/28 2:20,0.11,1.67
2014/9/28 2:22,0.11,1.67
2014/9/28 2:24,0.11,1.67
2014/9/28 2:26,0.11,1.66
2014/9/28 2:28,0.11,1.67
2014/9/28 2:30,0.11,1.67
2014/9/28 2:32,0.11,1.66
2014/9/28 2:34,0.11,1.66
2014/9/28 2:36,0.11,1.65
2014/9/28 2:38,0.11,1.65
2014/9/28 2:40,0.11,1.65
2014/9/28 2:42,0.11,1.65
2014/9/28 2:44,0.11,1.64
2014/9/28 2:46,0.11,1.64
2014/9/28 2:48,0.11,1.63
2014/9/28 2:50,0.11,1.62
2014/9/28 2:52,0.11,1.61
2014/9/28 2:54,0.11,1.59
2014/9/28 2:56,0.11,1.59
2014/9/28 2:58,0.11,1.57
2014/9/28 3:00,0.11,1.55
2014/9/28 3:02,0.11,1.54
2014/9/28 3:04,0.11,1.52
2014/9/28 3:06,0.11,1.5
2014/9/28 3:08,0.11,1.48
2014/9/28 3:10,0.11,1.46
2014/9/28 3:12,0.11,1.45
2014/9/28 3:14,0.11,1.43
2014/9/28 3:16,0.1,1.41
2014/9/28 3:18,0.1,1.39
2014/9/28 3:20,0.1,1.37
2014/9/28 3:22,0.1,1.35
2014/9/28 3:24,0.1,1.33
2014/9/28 3:26,0.1,1.3
2014/9/28 3:28,0.1,1.28
2014/9/28 3:30,0.1,1.25
2014/9/28 3:32,0.1,1.23
2014/9/28 3:34,0.1,1.2
2014/9/28 3:36,0.1,1.18
2014/9/28 3:38,0.1,1.15
2014/9/28 3:40,0.1,1.13
2014/9/28 3:42,0.1,1.1
2014/9/28 3:44,0.1,1.07
2014/9/28 3:46,0.1,1.05
2014/9/28 3:48,0.09,1.02
2014/9/28 3:50,0.1,1
2014/9/28 3:52,0.09,0.98
2014/9/28 3:54,0.1,0.96
2014/9/28 3:56,0.1,0.94
2014/9/28 3:58,0.1,0.92
2014/9/28 4:00,0.1,0.9
2014/9/28 4:02,0.1,0.88
2014/9/28 4:04,0.1,0.85
2014/9/28 4:06,0.1,0.84
2014/9/28 4:08,0.1,0.82
2014/9/28 4:10,0.1,0.8
2014/9/28 4:12,0.1,0.77
2014/9/28 4:14,0.1,0.76
2014/9/28 4:16,0.1,0.75
2014/9/28 4:18,0.1,0.73
2014/9/28 4:20,0.1,0.71
2014/9/28 4:22,0.1,0.69
2014/9/28 4:24,0.1,0.67
2014/9/28 4:26,0.09,0.66
2014/9/28 4:28,0.1,0.64
2014/9/28 4:30,0.1,0.62
2014/9/28 4:30,NAN,NAN
2014/9/28 12:02,0.27,0.61
2014/9/28 12:04,0.26,0.63
2014/9/28 12:06,0.26,0.66
2014/9/28 12:08,0.26,0.69
2014/9/28 12:10,0.26,0.72
2014/9/28 12:12,0.24,0.74
2014/9/28 12:14,0.26,0.77
2014/9/28 12:16,0.25,0.81
2014/9/28 12:18,0.22,0.83
2014/9/28 12:20,0.21,0.85
2014/9/28 12:22,0.21,0.89
2014/9/28 12:24,0.22,0.91
2014/9/28 12:26,0.22,0.93
2014/9/28 12:28,0.21,0.95
2014/9/28 12:30,0.23,0.98
2014/9/28 12:32,0.21,1
2014/9/28 12:34,0.21,1.03
2014/9/28 12:36,0.2,1.05
2014/9/28 12:38,0.21,1.07
2014/9/28 12:40,0.2,1.09
2014/9/28 12:42,0.21,1.11
2014/9/28 12:44,0.19,1.13
2014/9/28 12:46,0.18,1.15
2014/9/28 12:48,0.18,1.18
2014/9/28 12:50,0.2,1.19
2014/9/28 12:52,0.18,1.21
2014/9/28 12:54,0.2,1.24
2014/9/28 12:56,0.2,1.25
2014/9/28 12:58,0.16,1.27
2014/9/28 13:00,0.18,1.29
2014/9/28 13:02,0.19,1.31
2014/9/28 13:04,0.2,1.33
2014/9/28 13:06,0.2,1.35
2014/9/28 13:08,0.17,1.37
2014/9/28 13:10,0.18,1.39
2014/9/28 13:12,0.19,1.41
2014/9/28 13:14,0.19,1.43
2014/9/28 13:16,0.19,1.44
2014/9/28 13:18,0.19,1.46
2014/9/28 13:20,0.18,1.47
2014/9/28 13:22,0.18,1.49
2014/9/28 13:24,0.17,1.51
2014/9/28 13:26,0.17,1.53
2014/9/28 13:28,0.18,1.54
2014/9/28 13:30,0.17,1.56
2014/9/28 13:32,0.16,1.57
2014/9/28 13:34,0.16,1.58
2014/9/28 13:36,0.16,1.6
2014/9/28 13:38,0.17,1.62
2014/9/28 13:40,0.16,1.63
2014/9/28 13:42,0.16,1.64
2014/9/28 13:44,0.14,1.65
2014/9/28 13:46,0.16,1.67
2014/9/28 13:48,0.16,1.69
2014/9/28 13:50,0.16,1.69
2014/9/28 13:52,0.16,1.7
2014/9/28 13:54,0.15,1.71
2014/9/28 13:56,0.15,1.72
2014/9/28 13:58,0.15,1.73
2014/9/28 14:00,0.15,1.73
2014/9/28 14:02,0.16,1.74
2014/9/28 14:04,0.15,1.75
2014/9/28 14:06,0.14,1.76
2014/9/28 14:08,0.15,1.76
2014/9/28 14:10,0.14,1.76
2014/9/28 14:12,0.14,1.76
2014/9/28 14:14,0.13,1.77
2014/9/28 14:16,0.13,1.77
2014/9/28 14:18,0.13,1.77
2014/9/28 14:20,0.12,1.76
2014/9/28 14:22,0.12,1.76
2014/9/28 14:24,0.12,1.76
2014/9/28 14:26,0.12,1.77
2014/9/28 14:28,0.12,1.78
2014/9/28 14:30,0.11,1.77
2014/9/28 14:32,0.11,1.77
2014/9/28 14:34,0.11,1.78
2014/9/28 14:36,0.11,1.77
2014/9/28 14:38,0.11,1.77
2014/9/28 14:40,0.11,1.77
2014/9/28 14:42,0.11,1.77
2014/9/28 14:44,0.11,1.78
2014/9/28 14:46,0.11,1.78
2014/9/28 14:48,0.11,1.78
2014/9/28 14:50,0.11,1.78
2014/9/28 14:52,0.11,1.77
2014/9/28 14:54,0.11,1.77
2014/9/28 14:56,0.11,1.76
2014/9/28 14:58,0.11,1.76
2014/9/28 15:00,0.11,1.76
2014/9/28 15:02,0.11,1.75
2014/9/28 15:04,0.11,1.74
2014/9/28 15:06,0.11,1.73
2014/9/28 15:08,0.12,1.71
2014/9/28 15:10,0.11,1.71
2014/9/28 15:12,0.12,1.7
2014/9/28 15:14,0.11,1.67
2014/9/28 15:16,0.12,1.67
2014/9/28 15:18,0.14,1.66
2014/9/28 15:20,0.12,1.64
2014/9/28 15:22,0.12,1.63
2014/9/28 15:24,0.12,1.62
2014/9/28 15:26,0.12,1.61
2014/9/28 15:28,0.13,1.59
2014/9/28 15:30,0.12,1.58
2014/9/28 15:32,0.12,1.54
2014/9/28 15:34,0.12,1.53
2014/9/28 15:36,0.13,1.51
2014/9/28 15:38,0.12,1.49
2014/9/28 15:40,0.12,1.47
2014/9/28 15:42,0.11,1.44
2014/9/28 15:44,0.11,1.42
2014/9/28 15:46,0.11,1.4
2014/9/28 15:48,0.11,1.37
2014/9/28 15:50,0.12,1.36
2014/9/28 15:52,0.14,1.33
2014/9/28 15:54,0.13,1.3
2014/9/28 15:56,0.14,1.28
2014/9/28 15:58,0.14,1.26
2014/9/28 16:00,0.14,1.24
2014/9/28 16:02,0.14,1.22
2014/9/28 16:04,0.12,1.19
2014/9/28 16:06,0.14,1.17
2014/9/28 16:08,0.15,1.14
2014/9/28 16:10,0.16,1.12
2014/9/28 16:12,0.16,1.11
2014/9/28 16:14,0.14,1.08
2014/9/28 16:16,0.14,1.04
2014/9/28 16:18,0.13,1.04
2014/9/28 16:20,0.13,1.01
2014/9/28 16:22,0.13,1
2014/9/28 16:24,0.13,0.97
2014/9/28 16:26,0.14,0.95
2014/9/28 16:28,0.15,0.94
2014/9/28 16:30,0.14,0.91
2014/9/28 16:32,0.15,0.9
2014/9/28 16:34,0.17,0.88
2014/9/28 16:36,0.15,0.86
2014/9/28 16:38,0.15,0.84
2014/9/28 16:40,0.17,0.83
2014/9/28 16:42,0.15,0.82
2014/9/28 16:44,0.14,0.8
2014/9/28 16:46,0.13,0.78
2014/9/28 16:48,0.14,0.76
2014/9/28 16:50,0.14,0.74
2014/9/28 16:52,0.13,0.71
2014/9/28 16:54,0.15,0.69
2014/9/28 16:56,0.12,0.68
2014/9/28 16:58,0.13,0.67
2014/9/28 17:00,0.14,0.65
2014/9/28 17:02,0.15,0.64
2014/9/28 17:04,0.14,0.62
2014/9/28 17:04,NAN,NAN
2014/9/29 0:44,0.24,0.61
2014/9/29 0:46,0.23,0.63
2014/9/29 0:48,0.22,0.66
2014/9/29 0:50,0.22,0.68
2014/9/29 0:52,0.2,0.7
2014/9/29 0:54,0.22,0.72
2014/9/29 0:56,0.2,0.73
2014/9/29 0:58,0.19,0.75
2014/9/29 1:00,0.2,0.77
2014/9/29 1:02,0.19,0.79
2014/9/29 1:04,0.19,0.81
2014/9/29 1:06,0.21,0.83
2014/9/29 1:08,0.18,0.84
2014/9/29 1:10,0.19,0.86
2014/9/29 1:12,0.18,0.88
2014/9/29 1:14,0.19,0.9
2014/9/29 1:16,0.18,0.91
2014/9/29 1:18,0.18,0.93
2014/9/29 1:20,0.18,0.95
2014/9/29 1:22,0.17,0.96
2014/9/29 1:24,0.16,0.97
2014/9/29 1:26,0.17,0.99
2014/9/29 1:28,0.16,1.01
2014/9/29 1:30,0.16,1.02
2014/9/29 1:32,0.16,1.03
2014/9/29 1:34,0.15,1.04
2014/9/29 1:36,0.15,1.06
2014/9/29 1:38,0.15,1.08
2014/9/29 1:40,0.15,1.09
2014/9/29 1:42,0.16,1.1
2014/9/29 1:44,0.15,1.11
2014/9/29 1:46,0.15,1.12
2014/9/29 1:48,0.14,1.14
2014/9/29 1:50,0.14,1.15
2014/9/29 1:52,0.13,1.16
2014/9/29 1:54,0.14,1.17
2014/9/29 1:56,0.14,1.18
2014/9/29 1:58,0.14,1.19
2014/9/29 2:00,0.13,1.2
2014/9/29 2:02,0.14,1.21
2014/9/29 2:04,0.13,1.22
2014/9/29 2:06,0.14,1.22
2014/9/29 2:08,0.12,1.23
2014/9/29 2:10,0.12,1.23
2014/9/29 2:12,0.12,1.23
2014/9/29 2:14,0.11,1.24
2014/9/29 2:16,0.12,1.25
2014/9/29 2:18,0.11,1.25
2014/9/29 2:20,0.11,1.25
2014/9/29 2:22,0.11,1.25
2014/9/29 2:24,0.11,1.26
2014/9/29 2:26,0.11,1.26
2014/9/29 2:28,0.12,1.25
2014/9/29 2:30,0.11,1.26
2014/9/29 2:32,0.11,1.25
2014/9/29 2:34,0.11,1.25
2014/9/29 2:36,0.11,1.25
2014/9/29 2:38,0.11,1.24
2014/9/29 2:40,0.11,1.24
2014/9/29 2:42,0.11,1.24
2014/9/29 2:44,0.11,1.23
2014/9/29 2:46,0.11,1.24
2014/9/29 2:48,0.11,1.22
2014/9/29 2:50,0.11,1.23
2014/9/29 2:52,0.11,1.23
2014/9/29 2:54,0.11,1.2
2014/9/29 2:56,0.11,1.23
2014/9/29 2:58,0.11,1.22
2014/9/29 3:00,0.11,1.22
2014/9/29 3:02,0.11,1.22
2014/9/29 3:04,0.11,1.22
2014/9/29 3:06,0.11,1.21
2014/9/29 3:08,0.11,1.21
2014/9/29 3:10,0.11,1.2
2014/9/29 3:12,0.11,1.19
2014/9/29 3:14,0.11,1.2
2014/9/29 3:16,0.11,1.19
2014/9/29 3:18,0.11,1.19
2014/9/29 3:20,0.11,1.18
2014/9/29 3:22,0.11,1.17
2014/9/29 3:24,0.11,1.17
2014/9/29 3:26,0.11,1.16
2014/9/29 3:28,0.11,1.15
2014/9/29 3:30,0.11,1.14
2014/9/29 3:32,0.11,1.12
2014/9/29 3:34,0.11,1.1
2014/9/29 3:36,0.11,1.09
2014/9/29 3:38,0.11,1.07
2014/9/29 3:40,0.11,1.05
2014/9/29 3:42,0.11,1.03
2014/9/29 3:44,0.11,1.01
2014/9/29 3:46,0.11,1
2014/9/29 3:48,0.11,0.99
2014/9/29 3:50,0.11,0.97
2014/9/29 3:52,0.11,0.95
2014/9/29 3:54,0.11,0.93
2014/9/29 3:56,0.11,0.91
2014/9/29 3:58,0.11,0.89
2014/9/29 4:00,0.11,0.88
2014/9/29 4:02,0.11,0.86
2014/9/29 4:04,0.11,0.84
2014/9/29 4:06,0.11,0.82
2014/9/29 4:08,0.11,0.8
2014/9/29 4:10,0.11,0.78
2014/9/29 4:12,0.11,0.76
2014/9/29 4:14,0.11,0.74
2014/9/29 4:16,0.11,0.71
2014/9/29 4:18,0.11,0.7
2014/9/29 4:20,0.11,0.67
2014/9/29 4:22,0.11,0.65
2014/9/29 4:24,0.11,0.64
2014/9/29 4:26,0.11,0.62
2014/9/29 4:26,NAN,NAN
2014/9/29 12:04,0.3,0.63
2014/9/29 12:06,0.34,0.68
2014/9/29 12:08,0.32,0.71
2014/9/29 12:10,0.3,0.74
2014/9/29 12:12,0.29,0.78
2014/9/29 12:14,0.36,0.81
2014/9/29 12:16,0.29,0.84
2014/9/29 12:18,0.31,0.87
2014/9/29 12:20,0.33,0.9
2014/9/29 12:22,0.29,0.93
2014/9/29 12:24,0.27,0.97
2014/9/29 12:26,0.26,0.99
2014/9/29 12:28,0.25,1.01
2014/9/29 12:30,0.21,1.05
2014/9/29 12:32,0.22,1.08
2014/9/29 12:34,0.22,1.11
2014/9/29 12:36,0.24,1.13
2014/9/29 12:38,0.21,1.17
2014/9/29 12:40,0.21,1.19
2014/9/29 12:42,0.22,1.2
2014/9/29 12:44,0.21,1.24
2014/9/29 12:46,0.21,1.27
2014/9/29 12:48,0.2,1.3
2014/9/29 12:50,0.19,1.32
2014/9/29 12:52,0.19,1.36
2014/9/29 12:54,0.18,1.38
2014/9/29 12:56,0.18,1.4
2014/9/29 12:58,0.17,1.42
2014/9/29 13:00,0.18,1.45
2014/9/29 13:02,0.16,1.48
2014/9/29 13:04,0.18,1.5
2014/9/29 13:06,0.17,1.52
2014/9/29 13:08,0.17,1.54
2014/9/29 13:10,0.17,1.57
2014/9/29 13:12,0.17,1.59
2014/9/29 13:14,0.18,1.61
2014/9/29 13:16,0.18,1.64
2014/9/29 13:18,0.18,1.65
2014/9/29 13:20,0.18,1.68
2014/9/29 13:22,0.18,1.7
2014/9/29 13:24,0.18,1.72
2014/9/29 13:26,0.17,1.74
2014/9/29 13:28,0.15,1.77
2014/9/29 13:30,0.18,1.78
2014/9/29 13:32,0.15,1.8
2014/9/29 13:34,0.16,1.82
2014/9/29 13:36,0.16,1.85
2014/9/29 13:38,0.19,1.86
2014/9/29 13:40,0.18,1.89
2014/9/29 13:42,0.16,1.91
2014/9/29 13:44,0.16,1.93
2014/9/29 13:46,0.15,1.95
2014/9/29 13:48,0.16,1.96
2014/9/29 13:50,0.15,1.98
2014/9/29 13:52,0.14,1.99
2014/9/29 13:54,0.16,2.01
2014/9/29 13:56,0.14,2.03
2014/9/29 13:58,0.15,2.04
2014/9/29 14:00,0.15,2.06
2014/9/29 14:02,0.14,2.08
2014/9/29 14:04,0.14,2.09
2014/9/29 14:06,0.16,2.1
2014/9/29 14:08,0.15,2.12
2014/9/29 14:10,0.15,2.13
2014/9/29 14:12,0.17,2.14
2014/9/29 14:14,0.16,2.17
2014/9/29 14:16,0.15,2.17
2014/9/29 14:18,0.14,2.19
2014/9/29 14:20,0.14,2.2
2014/9/29 14:22,0.14,2.22
2014/9/29 14:24,0.14,2.22
2014/9/29 14:26,0.15,2.23
2014/9/29 14:28,0.15,2.24
2014/9/29 14:30,0.15,2.25
2014/9/29 14:32,0.14,2.26
2014/9/29 14:34,0.15,2.26
2014/9/29 14:36,0.16,2.27
2014/9/29 14:38,0.15,2.28
2014/9/29 14:40,0.14,2.29
2014/9/29 14:42,0.15,2.28
2014/9/29 14:44,0.15,2.29
2014/9/29 14:46,0.14,2.29
2014/9/29 14:48,0.14,2.29
2014/9/29 14:50,0.13,2.29
2014/9/29 14:52,0.12,2.29
2014/9/29 14:54,0.13,2.29
2014/9/29 14:56,0.11,2.29
2014/9/29 14:58,0.12,2.3
2014/9/29 15:00,0.11,2.3
2014/9/29 15:02,0.11,2.29
2014/9/29 15:04,0.11,2.3
2014/9/29 15:06,0.12,2.29
2014/9/29 15:08,0.11,2.29
2014/9/29 15:10,0.13,2.29
2014/9/29 15:12,0.11,2.29
2014/9/29 15:14,0.11,2.29
2014/9/29 15:16,0.11,2.28
2014/9/29 15:18,0.11,2.28
2014/9/29 15:20,0.11,2.28
2014/9/29 15:22,0.11,2.28
2014/9/29 15:24,0.11,2.27
2014/9/29 15:26,0.11,2.28
2014/9/29 15:28,0.11,2.26
2014/9/29 15:30,0.11,2.27
2014/9/29 15:32,0.12,2.27
2014/9/29 15:34,0.11,2.25
2014/9/29 15:36,0.11,2.24
2014/9/29 15:38,0.12,2.24
2014/9/29 15:40,0.11,2.23
2014/9/29 15:42,0.11,2.21
2014/9/29 15:44,0.11,2.21
2014/9/29 15:46,0.11,2.19
2014/9/29 15:48,0.11,2.18
2014/9/29 15:50,0.11,2.18
2014/9/29 15:52,0.11,2.16
2014/9/29 15:54,0.11,2.14
2014/9/29 15:56,0.11,2.13
2014/9/29 15:58,0.11,2.13
2014/9/29 16:00,0.11,2.1
2014/9/29 16:02,0.12,2.11
2014/9/29 16:04,0.11,2.09
2014/9/29 16:06,0.12,2.06
2014/9/29 16:08,0.12,2.06
2014/9/29 16:10,0.12,2.06
2014/9/29 16:12,0.14,2.02
2014/9/29 16:14,0.14,2.01
2014/9/29 16:16,0.15,1.99
2014/9/29 16:18,0.13,1.97
2014/9/29 16:20,0.15,1.95
2014/9/29 16:22,0.13,1.93
2014/9/29 16:24,0.15,1.92
2014/9/29 16:26,0.15,1.91
2014/9/29 16:28,0.16,1.89
2014/9/29 16:30,0.11,1.86
2014/9/29 16:32,0.14,1.85
2014/9/29 16:34,0.14,1.83
2014/9/29 16:36,0.16,1.8
2014/9/29 16:38,0.14,1.79
2014/9/29 16:40,0.16,1.78
2014/9/29 16:42,0.18,1.76
2014/9/29 16:44,0.14,1.72
2014/9/29 16:46,0.16,1.71
2014/9/29 16:48,0.18,1.7
2014/9/29 16:50,0.17,1.68
2014/9/29 16:52,0.16,1.63
2014/9/29 16:54,0.15,1.64
2014/9/29 16:56,0.13,1.62
2014/9/29 16:58,0.16,1.6
2014/9/29 17:00,0.22,1.58
2014/9/29 17:02,0.2,1.56
2014/9/29 17:04,0.22,1.55
2014/9/29 17:06,0.25,1.52
2014/9/29 17:08,0.17,1.51
2014/9/29 17:10,0.2,1.49
2014/9/29 17:12,0.18,1.47
2014/9/29 17:14,0.17,1.46
2014/9/29 17:16,0.18,1.43
2014/9/29 17:18,0.21,1.4
2014/9/29 17:20,0.17,1.38
2014/9/29 17:22,0.19,1.37
2014/9/29 17:24,0.17,1.35
2014/9/29 17:26,0.21,1.34
2014/9/29 17:28,0.21,1.32
2014/9/29 17:30,0.2,1.28
2014/9/29 17:32,0.22,1.27
2014/9/29 17:34,0.21,1.26
2014/9/29 17:36,0.22,1.24
2014/9/29 17:38,0.19,1.22
2014/9/29 17:40,0.24,1.21
2014/9/29 17:42,0.21,1.19
2014/9/29 17:44,0.21,1.19
2014/9/29 17:46,0.23,1.16
2014/9/29 17:48,0.2,1.15
2014/9/29 17:50,0.23,1.13
2014/9/29 17:52,0.21,1.12
2014/9/29 17:54,0.27,1.1
2014/9/29 17:56,0.23,1.08
2014/9/29 17:58,0.26,1.06
2014/9/29 18:00,0.24,1.05
2014/9/29 18:02,0.27,1.04
2014/9/29 18:04,0.21,1.02
2014/9/29 18:06,0.24,1
2014/9/29 18:08,0.25,0.99
2014/9/29 18:10,0.23,0.98
2014/9/29 18:12,0.23,0.95
2014/9/29 18:14,0.24,0.94
2014/9/29 18:16,0.25,0.92
2014/9/29 18:18,0.24,0.89
2014/9/29 18:20,0.27,0.88
2014/9/29 18:22,0.25,0.86
2014/9/29 18:24,0.24,0.84
2014/9/29 18:26,0.24,0.82
2014/9/29 18:28,0.26,0.82
2014/9/29 18:30,0.27,0.78
2014/9/29 18:32,0.24,0.77
2014/9/29 18:34,0.26,0.75
2014/9/29 18:36,0.26,0.74
2014/9/29 18:38,0.26,0.72
2014/9/29 18:40,0.27,0.7
2014/9/29 18:42,0.27,0.68
2014/9/29 18:44,0.26,0.66
2014/9/29 18:46,0.26,0.66
2014/9/29 18:48,0.24,0.63
2014/9/29 18:48,NAN,NAN
2014/9/30 0:30,0.25,0.63
2014/9/30 0:32,0.24,0.67
2014/9/30 0:34,0.25,0.71
2014/9/30 0:36,0.27,0.74
2014/9/30 0:38,0.27,0.78
2014/9/30 0:40,0.27,0.82
2014/9/30 0:42,0.29,0.85
2014/9/30 0:44,0.27,0.89
2014/9/30 0:46,0.27,0.92
2014/9/30 0:48,0.28,0.96
2014/9/30 0:50,0.27,0.99
2014/9/30 0:52,0.27,1.01
2014/9/30 0:54,0.27,1.05
2014/9/30 0:56,0.25,1.09
2014/9/30 0:58,0.26,1.12
2014/9/30 1:00,0.27,1.14
2014/9/30 1:02,0.27,1.16
2014/9/30 1:04,0.23,1.2
2014/9/30 1:06,0.26,1.22
2014/9/30 1:08,0.27,1.24
2014/9/30 1:10,0.27,1.27
2014/9/30 1:12,0.27,1.29
2014/9/30 1:14,0.26,1.32
2014/9/30 1:16,0.25,1.34
2014/9/30 1:18,0.24,1.37
2014/9/30 1:20,0.25,1.39
2014/9/30 1:22,0.25,1.41
2014/9/30 1:24,0.22,1.43
2014/9/30 1:26,0.24,1.45
2014/9/30 1:28,0.18,1.47
2014/9/30 1:30,0.2,1.49
2014/9/30 1:32,0.21,1.51
2014/9/30 1:34,0.19,1.52
2014/9/30 1:36,0.18,1.54
2014/9/30 1:38,0.19,1.56
2014/9/30 1:40,0.18,1.58
2014/9/30 1:42,0.17,1.6
2014/9/30 1:44,0.19,1.61
2014/9/30 1:46,0.15,1.63
2014/9/30 1:48,0.15,1.64
2014/9/30 1:50,0.16,1.66
2014/9/30 1:52,0.17,1.68
2014/9/30 1:54,0.15,1.69
2014/9/30 1:56,0.13,1.71
2014/9/30 1:58,0.16,1.72
2014/9/30 2:00,0.14,1.73
2014/9/30 2:02,0.17,1.75
2014/9/30 2:04,0.15,1.76
2014/9/30 2:06,0.18,1.77
2014/9/30 2:08,0.17,1.8
2014/9/30 2:10,0.13,1.81
2014/9/30 2:12,0.13,1.82
2014/9/30 2:14,0.14,1.84
2014/9/30 2:16,0.14,1.86
2014/9/30 2:18,0.13,1.86
2014/9/30 2:20,0.12,1.89
2014/9/30 2:22,0.14,1.9
2014/9/30 2:24,0.13,1.91
2014/9/30 2:26,0.14,1.93
2014/9/30 2:28,0.12,1.94
2014/9/30 2:30,0.12,1.96
2014/9/30 2:32,0.14,1.97
2014/9/30 2:34,0.13,1.98
2014/9/30 2:36,0.14,2
2014/9/30 2:38,0.12,2.01
2014/9/30 2:40,0.11,2.03
2014/9/30 2:42,0.12,2.03
2014/9/30 2:44,0.12,2.04
2014/9/30 2:46,0.11,2.06
2014/9/30 2:48,0.11,2.06
2014/9/30 2:50,0.11,2.06
2014/9/30 2:52,0.11,2.07
2014/9/30 2:54,0.12,2.08
2014/9/30 2:56,0.11,2.09
2014/9/30 2:58,0.11,2.09
2014/9/30 3:00,0.13,2.09
2014/9/30 3:02,0.11,2.1
2014/9/30 3:04,0.12,2.11
2014/9/30 3:06,0.12,2.11
2014/9/30 3:08,0.11,2.12
2014/9/30 3:10,0.11,2.12
2014/9/30 3:12,0.11,2.12
2014/9/30 3:14,0.11,2.12
2014/9/30 3:16,0.11,2.13
2014/9/30 3:18,0.11,2.13
2014/9/30 3:20,0.11,2.14
2014/9/30 3:22,0.11,2.14
2014/9/30 3:24,0.11,2.14
2014/9/30 3:26,0.12,2.14
2014/9/30 3:28,0.11,2.14
2014/9/30 3:30,0.12,2.15
2014/9/30 3:32,0.11,2.14
2014/9/30 3:34,0.11,2.15
2014/9/30 3:36,0.11,2.15
2014/9/30 3:38,0.11,2.15
2014/9/30 3:40,0.11,2.15
2014/9/30 3:42,0.11,2.15
2014/9/30 3:44,0.11,2.14
2014/9/30 3:46,0.13,2.14
2014/9/30 3:48,0.11,2.14
2014/9/30 3:50,0.13,2.14
2014/9/30 3:52,0.12,2.13
2014/9/30 3:54,0.12,2.13
2014/9/30 3:56,0.13,2.12
2014/9/30 3:58,0.12,2.12
2014/9/30 4:00,0.12,2.11
2014/9/30 4:02,0.11,2.11
2014/9/30 4:04,0.12,2.09
2014/9/30 4:06,0.11,2.08
2014/9/30 4:08,0.12,2.07
2014/9/30 4:10,0.15,2.05
2014/9/30 4:12,0.14,2.04
2014/9/30 4:14,0.17,2.02
2014/9/30 4:16,0.16,2.02
2014/9/30 4:18,0.14,2
2014/9/30 4:20,0.15,1.99
2014/9/30 4:22,0.14,1.98
2014/9/30 4:24,0.12,1.97
2014/9/30 4:26,0.15,1.95
2014/9/30 4:28,0.12,1.94
2014/9/30 4:30,0.12,1.91
2014/9/30 4:32,0.12,1.9
2014/9/30 4:34,0.11,1.89
2014/9/30 4:36,0.14,1.86
2014/9/30 4:38,0.12,1.85
2014/9/30 4:40,0.12,1.83
2014/9/30 4:42,0.12,1.81
2014/9/30 4:44,0.13,1.79
2014/9/30 4:46,0.13,1.78
2014/9/30 4:48,0.15,1.76
2014/9/30 4:50,0.13,1.74
2014/9/30 4:52,0.13,1.72
2014/9/30 4:54,0.13,1.7
2014/9/30 4:56,0.13,1.69
2014/9/30 4:58,0.13,1.67
2014/9/30 5:00,0.13,1.66
2014/9/30 5:02,0.14,1.64
2014/9/30 5:04,0.14,1.63
2014/9/30 5:06,0.14,1.61
2014/9/30 5:08,0.14,1.6
2014/9/30 5:10,0.13,1.57
2014/9/30 5:12,0.15,1.56
2014/9/30 5:14,0.16,1.54
2014/9/30 5:16,0.16,1.53
2014/9/30 5:18,0.14,1.52
2014/9/30 5:20,0.15,1.51
2014/9/30 5:22,0.13,1.49
2014/9/30 5:24,0.14,1.47
2014/9/30 5:26,0.13,1.46
2014/9/30 5:28,0.13,1.44
2014/9/30 5:30,0.14,1.43
2014/9/30 5:32,0.14,1.41
2014/9/30 5:34,0.15,1.4
2014/9/30 5:36,0.13,1.39
2014/9/30 5:38,0.14,1.37
2014/9/30 5:40,0.12,1.36
2014/9/30 5:42,0.13,1.35
2014/9/30 5:44,0.14,1.33
2014/9/30 5:46,0.14,1.32
2014/9/30 5:48,0.15,1.3
2014/9/30 5:50,0.14,1.28
2014/9/30 5:52,0.15,1.27
2014/9/30 5:54,0.17,1.26
2014/9/30 5:56,0.16,1.24
2014/9/30 5:58,0.14,1.23
2014/9/30 6:00,0.15,1.22
2014/9/30 6:02,0.13,1.2
2014/9/30 6:04,0.15,1.18
2014/9/30 6:06,0.15,1.18
2014/9/30 6:08,0.13,1.16
2014/9/30 6:10,0.13,1.15
2014/9/30 6:12,0.14,1.13
2014/9/30 6:14,0.14,1.12
2014/9/30 6:16,0.16,1.11
2014/9/30 6:18,0.15,1.09
2014/9/30 6:20,0.14,1.08
2014/9/30 6:22,0.14,1.07
2014/9/30 6:24,0.14,1.03
2014/9/30 6:26,0.14,1.03
2014/9/30 6:28,0.15,1.02
2014/9/30 6:30,0.14,1.01
2014/9/30 6:32,0.13,0.98
2014/9/30 6:34,0.12,0.98
2014/9/30 6:36,0.13,0.98
2014/9/30 6:38,0.14,0.95
2014/9/30 6:40,0.12,0.94
2014/9/30 6:42,0.13,0.94
2014/9/30 6:44,0.14,0.93
2014/9/30 6:46,0.13,0.91
2014/9/30 6:48,0.13,0.9
2014/9/30 6:50,0.15,0.89
2014/9/30 6:52,0.15,0.89
2014/9/30 6:54,0.15,0.87
2014/9/30 6:56,0.18,0.85
2014/9/30 6:58,0.15,0.83
2014/9/30 7:00,0.15,0.83
2014/9/30 7:02,0.15,0.83
2014/9/30 7:04,0.15,0.81
2014/9/30 7:06,0.15,0.8
2014/9/30 7:08,0.15,0.78
2014/9/30 7:10,0.15,0.78
2014/9/30 7:12,0.18,0.78
2014/9/30 7:14,0.17,0.76
2014/9/30 7:16,0.17,0.74
2014/9/30 7:18,0.16,0.73
2014/9/30 7:20,0.18,0.73
2014/9/30 7:22,0.17,0.71
2014/9/30 7:24,0.17,0.71
2014/9/30 7:26,0.16,0.7
2014/9/30 7:28,0.15,0.68
2014/9/30 7:30,0.16,0.67
2014/9/30 7:32,0.18,0.67
2014/9/30 7:34,0.16,0.67
2014/9/30 7:36,0.17,0.65
2014/9/30 7:38,0.16,0.64
2014/9/30 7:40,0.17,0.63
2014/9/30 7:42,0.16,0.62
2014/9/30 7:44,0.17,0.61
2014/9/30 7:46,0.17,0.61
2014/9/30 7:46,NAN,NAN
2014/9/30 12:14,0.28,0.64
2014/9/30 12:16,0.26,0.67
2014/9/30 12:18,0.26,0.71
2014/9/30 12:20,0.23,0.75
2014/9/30 12:22,0.21,0.79
2014/9/30 12:24,0.22,0.83
2014/9/30 12:26,0.21,0.86
2014/9/30 12:28,0.21,0.91
2014/9/30 12:30,0.21,0.95
2014/9/30 12:32,0.21,0.99
2014/9/30 12:34,0.2,1.03
2014/9/30 12:36,0.19,1.06
2014/9/30 12:38,0.17,1.11
2014/9/30 12:40,0.19,1.14
2014/9/30 12:42,0.2,1.17
2014/9/30 12:44,0.21,1.21
2014/9/30 12:46,0.27,1.26
2014/9/30 12:48,0.28,1.29
2014/9/30 12:50,0.3,1.33
2014/9/30 12:52,0.3,1.36
2014/9/30 12:54,0.28,1.39
2014/9/30 12:56,0.29,1.42
2014/9/30 12:58,0.31,1.46
2014/9/30 13:00,0.28,1.49
2014/9/30 13:02,0.26,1.53
2014/9/30 13:04,0.27,1.55
2014/9/30 13:06,0.26,1.58
2014/9/30 13:08,0.25,1.62
2014/9/30 13:10,0.25,1.65
2014/9/30 13:12,0.22,1.67
2014/9/30 13:14,0.23,1.7
2014/9/30 13:16,0.2,1.73
2014/9/30 13:18,0.19,1.76
2014/9/30 13:20,0.2,1.78
2014/9/30 13:22,0.2,1.81
2014/9/30 13:24,0.19,1.83
2014/9/30 13:26,0.19,1.85
2014/9/30 13:28,0.19,1.87
2014/9/30 13:30,0.18,1.9
2014/9/30 13:32,0.19,1.91
2014/9/30 13:34,0.2,1.93
2014/9/30 13:36,0.18,1.95
2014/9/30 13:38,0.19,1.97
2014/9/30 13:40,0.16,1.99
2014/9/30 13:42,0.18,2.01
2014/9/30 13:44,0.16,2.03
2014/9/30 13:46,0.19,2.05
2014/9/30 13:48,0.17,2.07
2014/9/30 13:50,0.17,2.09
2014/9/30 13:52,0.16,2.11
2014/9/30 13:54,0.19,2.13
2014/9/30 13:56,0.18,2.15
2014/9/30 13:58,0.17,2.17
2014/9/30 14:00,0.16,2.18
2014/9/30 14:02,0.15,2.2
2014/9/30 14:04,0.14,2.22
2014/9/30 14:06,0.16,2.23
2014/9/30 14:08,0.13,2.24
2014/9/30 14:10,0.15,2.26
2014/9/30 14:12,0.15,2.28
2014/9/30 14:14,0.15,2.29
2014/9/30 14:16,0.14,2.31
2014/9/30 14:18,0.13,2.31
2014/9/30 14:20,0.14,2.34
2014/9/30 14:22,0.15,2.35
2014/9/30 14:24,0.15,2.37
2014/9/30 14:26,0.13,2.38
2014/9/30 14:28,0.12,2.4
2014/9/30 14:30,0.13,2.41
2014/9/30 14:32,0.13,2.43
2014/9/30 14:34,0.13,2.45
2014/9/30 14:36,0.12,2.46
2014/9/30 14:38,0.12,2.47
2014/9/30 14:40,0.14,2.49
2014/9/30 14:42,0.13,2.51
2014/9/30 14:44,0.13,2.5
2014/9/30 14:46,0.14,2.53
2014/9/30 14:48,0.15,2.54
2014/9/30 14:50,0.13,2.55
2014/9/30 14:52,0.14,2.55
2014/9/30 14:54,0.12,2.57
2014/9/30 14:56,0.14,2.58
2014/9/30 14:58,0.13,2.58
2014/9/30 15:00,0.11,2.59
2014/9/30 15:02,0.12,2.6
2014/9/30 15:04,0.12,2.6
2014/9/30 15:06,0.11,2.61
2014/9/30 15:08,0.12,2.62
2014/9/30 15:10,0.11,2.63
2014/9/30 15:12,0.12,2.63
2014/9/30 15:14,0.11,2.64
2014/9/30 15:16,0.12,2.63
2014/9/30 15:18,0.12,2.64
2014/9/30 15:20,0.11,2.66
2014/9/30 15:22,0.12,2.65
2014/9/30 15:24,0.11,2.65
2014/9/30 15:26,0.11,2.65
2014/9/30 15:28,0.11,2.65
2014/9/30 15:30,0.12,2.66
2014/9/30 15:32,0.14,2.65
2014/9/30 15:34,0.2,2.67
2014/9/30 15:36,0.13,2.66
2014/9/30 15:38,0.16,2.66
2014/9/30 15:40,0.11,2.66
2014/9/30 15:42,0.12,2.66
2014/9/30 15:44,0.13,2.66
2014/9/30 15:46,0.11,2.64
2014/9/30 15:48,0.11,2.65
2014/9/30 15:50,0.11,2.65
2014/9/30 15:52,0.11,2.65
2014/9/30 15:54,0.11,2.65
2014/9/30 15:56,0.11,2.64
2014/9/30 15:58,0.11,2.63
2014/9/30 16:00,0.11,2.62
2014/9/30 16:02,0.11,2.61
2014/9/30 16:04,0.11,2.61
2014/9/30 16:06,0.11,2.6
2014/9/30 16:08,0.11,2.59
2014/9/30 16:10,0.11,2.57
2014/9/30 16:12,0.11,2.57
2014/9/30 16:14,0.11,2.57
2014/9/30 16:16,0.13,2.56
2014/9/30 16:18,0.12,2.54
2014/9/30 16:20,0.11,2.52
2014/9/30 16:22,0.12,2.52
2014/9/30 16:24,0.11,2.51
2014/9/30 16:26,0.11,2.5
2014/9/30 16:28,0.11,2.48
2014/9/30 16:30,0.12,2.47
2014/9/30 16:32,0.12,2.46
2014/9/30 16:34,0.12,2.43
2014/9/30 16:36,0.12,2.42
2014/9/30 16:38,0.12,2.41
2014/9/30 16:40,0.11,2.39
2014/9/30 16:42,0.11,2.36
2014/9/30 16:44,0.11,2.35
2014/9/30 16:46,0.11,2.34
2014/9/30 16:48,0.11,2.31
2014/9/30 16:50,0.11,2.29
2014/9/30 16:52,0.11,2.27
2014/9/30 16:54,0.12,2.27
2014/9/30 16:56,0.12,2.25
2014/9/30 16:58,0.12,2.23
2014/9/30 17:00,0.11,2.2
2014/9/30 17:02,0.12,2.19
2014/9/30 17:04,0.12,2.18
2014/9/30 17:06,0.12,2.15
2014/9/30 17:08,0.14,2.14
2014/9/30 17:10,0.13,2.13
2014/9/30 17:12,0.13,2.12
2014/9/30 17:14,0.12,2.1
2014/9/30 17:16,0.14,2.08
2014/9/30 17:18,0.13,2.06
2014/9/30 17:20,0.16,2.04
2014/9/30 17:22,0.12,2.02
2014/9/30 17:24,0.12,2.02
2014/9/30 17:26,0.12,1.99
2014/9/30 17:28,0.14,1.97
2014/9/30 17:30,0.13,1.96
2014/9/30 17:32,0.17,1.93
2014/9/30 17:34,0.15,1.91
2014/9/30 17:36,0.12,1.89
2014/9/30 17:38,0.16,1.88
2014/9/30 17:40,0.12,1.86
2014/9/30 17:42,0.14,1.85
2014/9/30 17:44,0.12,1.83
2014/9/30 17:46,0.15,1.82
2014/9/30 17:48,0.13,1.8
2014/9/30 17:50,0.13,1.78
2014/9/30 17:52,0.14,1.77
2014/9/30 17:54,0.14,1.74
2014/9/30 17:56,0.12,1.72
2014/9/30 17:58,0.12,1.7
2014/9/30 18:00,0.12,1.69
2014/9/30 18:02,0.14,1.68
2014/9/30 18:04,0.12,1.65
2014/9/30 18:06,0.12,1.63
2014/9/30 18:08,0.12,1.63
2014/9/30 18:10,0.12,1.61
2014/9/30 18:12,0.12,1.58
2014/9/30 18:14,0.11,1.57
2014/9/30 18:16,0.12,1.56
2014/9/30 18:18,0.12,1.54
2014/9/30 18:20,0.11,1.53
2014/9/30 18:22,0.12,1.52
2014/9/30 18:24,0.12,1.5
2014/9/30 18:26,0.15,1.48
2014/9/30 18:28,0.12,1.46
2014/9/30 18:30,0.12,1.45
2014/9/30 18:32,0.15,1.44
2014/9/30 18:34,0.13,1.43
2014/9/30 18:36,0.12,1.41
2014/9/30 18:38,0.12,1.4
2014/9/30 18:40,0.12,1.38
2014/9/30 18:42,0.14,1.37
2014/9/30 18:44,0.12,1.35
2014/9/30 18:46,0.13,1.33
2014/9/30 18:48,0.13,1.32
2014/9/30 18:50,0.12,1.32
2014/9/30 18:52,0.12,1.29
2014/9/30 18:54,0.13,1.28
2014/9/30 18:56,0.12,1.28
2014/9/30 18:58,0.15,1.26
2014/9/30 19:00,0.12,1.24
2014/9/30 19:02,0.12,1.23
2014/9/30 19:04,0.12,1.22
2014/9/30 19:06,0.11,1.22
2014/9/30 19:08,0.12,1.2
2014/9/30 19:10,0.12,1.16
2014/9/30 19:12,0.12,1.16
2014/9/30 19:14,0.12,1.16
2014/9/30 19:16,0.12,1.14
2014/9/30 19:18,0.13,1.12
2014/9/30 19:20,0.14,1.11
2014/9/30 19:22,0.12,1.1
2014/9/30 19:24,0.12,1.08
2014/9/30 19:26,0.12,1.06
2014/9/30 19:28,0.13,1.06
2014/9/30 19:30,0.12,1.04
2014/9/30 19:32,0.11,1.03
2014/9/30 19:34,0.12,1.02
2014/9/30 19:36,0.12,1
2014/9/30 19:38,0.12,0.98
2014/9/30 19:40,0.12,0.97
2014/9/30 19:42,0.11,0.96
2014/9/30 19:44,0.12,0.94
2014/9/30 19:46,0.12,0.94
2014/9/30 19:48,0.12,0.92
2014/9/30 19:50,0.11,0.91
2014/9/30 19:52,0.11,0.89
2014/9/30 19:54,0.12,0.88
2014/9/30 19:56,0.12,0.86
2014/9/30 19:58,0.12,0.84
2014/9/30 20:00,0.12,0.83
2014/9/30 20:02,0.11,0.83
2014/9/30 20:04,0.11,0.81
2014/9/30 20:06,0.11,0.8
2014/9/30 20:08,0.12,0.79
2014/9/30 20:10,0.14,0.77
2014/9/30 20:12,0.13,0.76
2014/9/30 20:14,0.13,0.75
2014/9/30 20:16,0.12,0.74
2014/9/30 20:18,0.11,0.72
2014/9/30 20:20,0.11,0.72
2014/9/30 20:22,0.11,0.7
2014/9/30 20:24,0.12,0.69
2014/9/30 20:26,0.12,0.68
2014/9/30 20:28,0.13,0.67
2014/9/30 20:30,0.13,0.65
2014/9/30 20:32,0.12,0.64
2014/9/30 20:34,0.11,0.63
2014/9/30 20:36,0.12,0.62
2014/9/30 20:38,0.11,0.61
2014/9/30 20:38,NAN,NAN
2014/10/1 1:12,0.12,0.62
2014/10/1 1:14,0.12,0.65
2014/10/1 1:16,0.12,0.68
2014/10/1 1:18,0.11,0.71
2014/10/1 1:20,0.12,0.73
2014/10/1 1:22,0.11,0.76
2014/10/1 1:24,0.11,0.79
2014/10/1 1:26,0.12,0.82
2014/10/1 1:28,0.12,0.84
2014/10/1 1:30,0.14,0.86
2014/10/1 1:32,0.13,0.89
2014/10/1 1:34,0.15,0.91
2014/10/1 1:36,0.16,0.93
2014/10/1 1:38,0.17,0.96
2014/10/1 1:40,0.18,0.97
2014/10/1 1:42,0.16,1
2014/10/1 1:44,0.18,1.02
2014/10/1 1:46,0.16,1.04
2014/10/1 1:48,0.16,1.06
2014/10/1 1:50,0.16,1.08
2014/10/1 1:52,0.17,1.1
2014/10/1 1:54,0.16,1.12
2014/10/1 1:56,0.16,1.14
2014/10/1 1:58,0.13,1.16
2014/10/1 2:00,0.12,1.18
2014/10/1 2:02,0.12,1.2
2014/10/1 2:04,0.11,1.22
2014/10/1 2:06,0.11,1.23
2014/10/1 2:08,0.11,1.25
2014/10/1 2:10,0.11,1.27
2014/10/1 2:12,0.11,1.28
2014/10/1 2:14,0.11,1.3
2014/10/1 2:16,0.11,1.31
2014/10/1 2:18,0.11,1.33
2014/10/1 2:20,0.11,1.34
2014/10/1 2:22,0.11,1.36
2014/10/1 2:24,0.11,1.37
2014/10/1 2:26,0.11,1.39
2014/10/1 2:28,0.11,1.4
2014/10/1 2:30,0.11,1.41
2014/10/1 2:32,0.11,1.42
2014/10/1 2:34,0.11,1.43
2014/10/1 2:36,0.11,1.45
2014/10/1 2:38,0.11,1.46
2014/10/1 2:40,0.11,1.47
2014/10/1 2:42,0.11,1.48
2014/10/1 2:44,0.11,1.49
2014/10/1 2:46,0.11,1.5
2014/10/1 2:48,0.11,1.51
2014/10/1 2:50,0.11,1.52
2014/10/1 2:52,0.11,1.53
2014/10/1 2:54,0.1,1.53
2014/10/1 2:56,0.11,1.55
2014/10/1 2:58,0.11,1.56
2014/10/1 3:00,0.11,1.57
2014/10/1 3:02,0.11,1.58
2014/10/1 3:04,0.11,1.59
2014/10/1 3:06,0.11,1.6
2014/10/1 3:08,0.11,1.6
2014/10/1 3:10,0.11,1.61
2014/10/1 3:12,0.11,1.62
2014/10/1 3:14,0.11,1.62
2014/10/1 3:16,0.11,1.63
2014/10/1 3:18,0.11,1.64
2014/10/1 3:20,0.11,1.64
2014/10/1 3:22,0.11,1.65
2014/10/1 3:24,0.1,1.65
2014/10/1 3:26,0.1,1.66
2014/10/1 3:28,0.11,1.67
2014/10/1 3:30,0.11,1.67
2014/10/1 3:32,0.1,1.67
2014/10/1 3:34,0.1,1.68
2014/10/1 3:36,0.1,1.68
2014/10/1 3:38,0.1,1.68
2014/10/1 3:40,0.1,1.69
2014/10/1 3:42,0.1,1.69
2014/10/1 3:44,0.09,1.69
2014/10/1 3:46,0.1,1.69
2014/10/1 3:48,0.1,1.69
2014/10/1 3:50,0.09,1.69
2014/10/1 3:52,0.11,1.7
2014/10/1 3:54,0.11,1.7
2014/10/1 3:56,0.1,1.7
2014/10/1 3:58,0.11,1.69
2014/10/1 4:00,0.1,1.69
2014/10/1 4:02,0.11,1.69
2014/10/1 4:04,0.11,1.69
2014/10/1 4:06,0.11,1.68
2014/10/1 4:08,0.11,1.68
2014/10/1 4:10,0.12,1.67
2014/10/1 4:12,0.11,1.68
2014/10/1 4:14,0.11,1.67
2014/10/1 4:16,0.15,1.67
2014/10/1 4:18,0.11,1.66
2014/10/1 4:20,0.1,1.66
2014/10/1 4:22,0.09,1.66
2014/10/1 4:24,0.1,1.65
2014/10/1 4:26,0.09,1.65
2014/10/1 4:28,0.11,1.65
2014/10/1 4:30,0.11,1.64
2014/10/1 4:32,0.1,1.64
2014/10/1 4:34,0.11,1.63
2014/10/1 4:36,0.1,1.62
2014/10/1 4:38,0.11,1.62
2014/10/1 4:40,0.09,1.61
2014/10/1 4:42,0.1,1.61
2014/10/1 4:44,0.1,1.6
2014/10/1 4:46,0.1,1.58
2014/10/1 4:48,0.11,1.58
2014/10/1 4:50,0.11,1.57
2014/10/1 4:52,0.1,1.55
2014/10/1 4:54,0.09,1.54
2014/10/1 4:56,0.1,1.53
2014/10/1 4:58,0.09,1.52
2014/10/1 5:00,0.1,1.51
2014/10/1 5:02,0.1,1.5
2014/10/1 5:04,0.09,1.48
2014/10/1 5:06,0.1,1.47
2014/10/1 5:08,0.09,1.45
2014/10/1 5:10,0.09,1.44
2014/10/1 5:12,0.09,1.43
2014/10/1 5:14,0.09,1.42
2014/10/1 5:16,0.08,1.4
2014/10/1 5:18,0.08,1.39
2014/10/1 5:20,0.08,1.37
2014/10/1 5:22,0.08,1.36
2014/10/1 5:24,0.08,1.35
2014/10/1 5:26,0.08,1.33
2014/10/1 5:28,0.08,1.32
2014/10/1 5:30,0.08,1.3
2014/10/1 5:32,0.08,1.29
2014/10/1 5:34,0.08,1.27
2014/10/1 5:36,0.08,1.26
2014/10/1 5:38,0.09,1.24
2014/10/1 5:40,0.08,1.22
2014/10/1 5:42,0.09,1.21
2014/10/1 5:44,0.09,1.2
2014/10/1 5:46,0.09,1.19
2014/10/1 5:48,0.09,1.17
2014/10/1 5:50,0.09,1.16
2014/10/1 5:52,0.09,1.15
2014/10/1 5:54,0.09,1.13
2014/10/1 5:56,0.09,1.12
2014/10/1 5:58,0.1,1.1
2014/10/1 6:00,0.1,1.09
2014/10/1 6:02,0.09,1.07
2014/10/1 6:04,0.1,1.06
2014/10/1 6:06,0.09,1.05
2014/10/1 6:08,0.09,1.04
2014/10/1 6:10,0.09,1.03
2014/10/1 6:12,0.1,1.02
2014/10/1 6:14,0.09,1
2014/10/1 6:16,0.09,0.99
2014/10/1 6:18,0.1,0.97
2014/10/1 6:20,0.1,0.96
2014/10/1 6:22,0.09,0.95
2014/10/1 6:24,0.09,0.94
2014/10/1 6:26,0.09,0.93
2014/10/1 6:28,0.09,0.91
2014/10/1 6:30,0.1,0.9
2014/10/1 6:32,0.1,0.89
2014/10/1 6:34,0.1,0.87
2014/10/1 6:36,0.09,0.86
2014/10/1 6:38,0.1,0.85
2014/10/1 6:40,0.1,0.84
2014/10/1 6:42,0.1,0.83
2014/10/1 6:44,0.1,0.82
2014/10/1 6:46,0.1,0.8
2014/10/1 6:48,0.1,0.79
2014/10/1 6:50,0.11,0.79
2014/10/1 6:52,0.11,0.77
2014/10/1 6:54,0.11,0.75
2014/10/1 6:56,0.11,0.74
2014/10/1 6:58,0.11,0.73
2014/10/1 7:00,0.11,0.72
2014/10/1 7:02,0.11,0.71
2014/10/1 7:04,0.1,0.69
2014/10/1 7:06,0.1,0.68
2014/10/1 7:08,0.1,0.67
2014/10/1 7:10,0.1,0.66
2014/10/1 7:12,0.1,0.64
2014/10/1 7:14,0.1,0.63
2014/10/1 7:16,0.1,0.62
2014/10/1 7:18,0.11,0.61
2014/10/1 7:18,NAN,NAN
2014/10/1 13:22,0.14,0.63
2014/10/1 13:24,0.14,0.66
2014/10/1 13:26,0.13,0.68
2014/10/1 13:28,0.13,0.72
2014/10/1 13:30,0.12,0.75
2014/10/1 13:32,0.12,0.77
2014/10/1 13:34,0.13,0.8
2014/10/1 13:36,0.14,0.83
2014/10/1 13:38,0.14,0.85
2014/10/1 13:40,0.14,0.88
2014/10/1 13:42,0.17,0.91
2014/10/1 13:44,0.18,0.93
2014/10/1 13:46,0.14,0.96
2014/10/1 13:48,0.18,0.98
2014/10/1 13:50,0.15,1
2014/10/1 13:52,0.17,1.02
2014/10/1 13:54,0.15,1.04
2014/10/1 13:56,0.14,1.06
2014/10/1 13:58,0.16,1.09
2014/10/1 14:00,0.13,1.11
2014/10/1 14:02,0.12,1.12
2014/10/1 14:04,0.11,1.14
2014/10/1 14:06,0.11,1.16
2014/10/1 14:08,0.11,1.18
2014/10/1 14:10,0.11,1.2
2014/10/1 14:12,0.1,1.21
2014/10/1 14:14,0.11,1.24
2014/10/1 14:16,0.1,1.25
2014/10/1 14:18,0.1,1.27
2014/10/1 14:20,0.1,1.28
2014/10/1 14:22,0.1,1.3
2014/10/1 14:24,0.1,1.32
2014/10/1 14:26,0.1,1.34
2014/10/1 14:28,0.1,1.35
2014/10/1 14:30,0.1,1.37
2014/10/1 14:32,0.1,1.39
2014/10/1 14:34,0.1,1.4
2014/10/1 14:36,0.1,1.42
2014/10/1 14:38,0.1,1.43
2014/10/1 14:40,0.1,1.45
2014/10/1 14:42,0.09,1.47
2014/10/1 14:44,0.1,1.49
2014/10/1 14:46,0.1,1.49
2014/10/1 14:48,0.1,1.5
2014/10/1 14:50,0.1,1.53
2014/10/1 14:52,0.1,1.54
2014/10/1 14:54,0.1,1.55
2014/10/1 14:56,0.1,1.56
2014/10/1 14:58,0.11,1.58
2014/10/1 15:00,0.1,1.6
2014/10/1 15:02,0.11,1.61
2014/10/1 15:04,0.11,1.62
2014/10/1 15:06,0.1,1.63
2014/10/1 15:08,0.1,1.65
2014/10/1 15:10,0.11,1.66
2014/10/1 15:12,0.11,1.68
2014/10/1 15:14,0.1,1.69
2014/10/1 15:16,0.1,1.71
2014/10/1 15:18,0.1,1.71
2014/10/1 15:20,0.1,1.72
2014/10/1 15:22,0.1,1.74
2014/10/1 15:24,0.1,1.75
2014/10/1 15:26,0.1,1.76
2014/10/1 15:28,0.09,1.77
2014/10/1 15:30,0.1,1.79
2014/10/1 15:32,0.1,1.79
2014/10/1 15:34,0.1,1.8
2014/10/1 15:36,0.1,1.82
2014/10/1 15:38,0.1,1.82
2014/10/1 15:40,0.1,1.83
2014/10/1 15:42,0.1,1.84
2014/10/1 15:44,0.1,1.85
2014/10/1 15:46,0.09,1.85
2014/10/1 15:48,0.09,1.86
2014/10/1 15:50,0.1,1.87
2014/10/1 15:52,0.1,1.87
2014/10/1 15:54,0.1,1.88
2014/10/1 15:56,0.1,1.9
2014/10/1 15:58,0.1,1.9
2014/10/1 16:00,0.09,1.9
2014/10/1 16:02,0.1,1.9
2014/10/1 16:04,0.09,1.91
2014/10/1 16:06,0.09,1.92
2014/10/1 16:08,0.09,1.91
2014/10/1 16:10,0.09,1.93
2014/10/1 16:12,0.09,1.92
2014/10/1 16:14,0.09,1.93
2014/10/1 16:16,0.09,1.94
2014/10/1 16:18,0.09,1.94
2014/10/1 16:20,0.09,1.94
2014/10/1 16:22,0.09,1.95
2014/10/1 16:24,0.09,1.95
2014/10/1 16:26,0.09,1.95
2014/10/1 16:28,0.09,1.95
2014/10/1 16:30,0.1,1.95
2014/10/1 16:32,0.09,1.95
2014/10/1 16:34,0.09,1.95
2014/10/1 16:36,0.09,1.95
2014/10/1 16:38,0.1,1.96
2014/10/1 16:40,0.1,1.96
2014/10/1 16:42,0.09,1.95
2014/10/1 16:44,0.09,1.95
2014/10/1 16:46,0.09,1.94
2014/10/1 16:48,0.09,1.95
2014/10/1 16:50,0.09,1.96
2014/10/1 16:52,0.09,1.94
2014/10/1 16:54,0.09,1.92
2014/10/1 16:56,0.09,1.94
2014/10/1 16:58,0.1,1.94
2014/10/1 17:00,0.09,1.93
2014/10/1 17:02,0.09,1.92
2014/10/1 17:04,0.09,1.92
2014/10/1 17:06,0.09,1.91
2014/10/1 17:08,0.09,1.9
2014/10/1 17:10,0.09,1.89
2014/10/1 17:12,0.08,1.89
2014/10/1 17:14,0.09,1.88
2014/10/1 17:16,0.09,1.87
2014/10/1 17:18,0.09,1.86
2014/10/1 17:20,0.08,1.84
2014/10/1 17:22,0.08,1.85
2014/10/1 17:24,0.08,1.83
2014/10/1 17:26,0.09,1.81
2014/10/1 17:28,0.09,1.8
2014/10/1 17:30,0.1,1.8
2014/10/1 17:32,0.1,1.79
2014/10/1 17:34,0.09,1.77
2014/10/1 17:36,0.1,1.76
2014/10/1 17:38,0.1,1.75
2014/10/1 17:40,0.11,1.73
2014/10/1 17:42,0.1,1.72
2014/10/1 17:44,0.09,1.71
2014/10/1 17:46,0.1,1.69
2014/10/1 17:48,0.09,1.68
2014/10/1 17:50,0.08,1.67
2014/10/1 17:52,0.09,1.66
2014/10/1 17:54,0.09,1.65
2014/10/1 17:56,0.1,1.64
2014/10/1 17:58,0.09,1.62
2014/10/1 18:00,0.1,1.6
2014/10/1 18:02,0.1,1.6
2014/10/1 18:04,0.1,1.59
2014/10/1 18:06,0.09,1.57
2014/10/1 18:08,0.08,1.56
2014/10/1 18:10,0.08,1.55
2014/10/1 18:12,0.08,1.55
2014/10/1 18:14,0.08,1.53
2014/10/1 18:16,0.08,1.52
2014/10/1 18:18,0.08,1.5
2014/10/1 18:20,0.08,1.48
2014/10/1 18:22,0.09,1.48
2014/10/1 18:24,0.08,1.47
2014/10/1 18:26,0.08,1.46
2014/10/1 18:28,0.08,1.44
2014/10/1 18:30,0.08,1.42
2014/10/1 18:32,0.08,1.42
2014/10/1 18:34,0.08,1.41
2014/10/1 18:36,0.08,1.39
2014/10/1 18:38,0.08,1.39
2014/10/1 18:40,0.09,1.37
2014/10/1 18:42,0.09,1.35
2014/10/1 18:44,0.09,1.35
2014/10/1 18:46,0.09,1.34
2014/10/1 18:48,0.09,1.34
2014/10/1 18:50,0.08,1.31
2014/10/1 18:52,0.08,1.31
2014/10/1 18:54,0.08,1.29
2014/10/1 18:56,0.09,1.27
2014/10/1 18:58,0.09,1.27
2014/10/1 19:00,0.09,1.26
2014/10/1 19:02,0.09,1.24
2014/10/1 19:04,0.09,1.22
2014/10/1 19:06,0.09,1.22
2014/10/1 19:08,0.08,1.21
2014/10/1 19:10,0.08,1.19
2014/10/1 19:12,0.08,1.18
2014/10/1 19:14,0.08,1.16
2014/10/1 19:16,0.08,1.16
2014/10/1 19:18,0.08,1.15
2014/10/1 19:20,0.08,1.13
2014/10/1 19:22,0.08,1.11
2014/10/1 19:24,0.08,1.1
2014/10/1 19:26,0.08,1.1
2014/10/1 19:28,0.08,1.08
2014/10/1 19:30,0.08,1.07
2014/10/1 19:32,0.08,1.06
2014/10/1 19:34,0.08,1.05
2014/10/1 19:36,0.08,1.04
2014/10/1 19:38,0.08,1.02
2014/10/1 19:40,0.08,1.01
2014/10/1 19:42,0.08,0.99
2014/10/1 19:44,0.08,0.98
2014/10/1 19:46,0.08,0.97
2014/10/1 19:48,0.08,0.95
2014/10/1 19:50,0.09,0.94
2014/10/1 19:52,0.09,0.94
2014/10/1 19:54,0.08,0.92
2014/10/1 19:56,0.09,0.91
2014/10/1 19:58,0.08,0.9
2014/10/1 20:00,0.08,0.88
2014/10/1 20:02,0.08,0.87
2014/10/1 20:04,0.08,0.86
2014/10/1 20:06,0.08,0.85
2014/10/1 20:08,0.08,0.84
2014/10/1 20:10,0.08,0.82
2014/10/1 20:12,0.08,0.82
2014/10/1 20:14,0.08,0.81
2014/10/1 20:16,0.08,0.79
2014/10/1 20:18,0.08,0.78
2014/10/1 20:20,0.08,0.77
2014/10/1 20:22,0.08,0.76
2014/10/1 20:24,0.08,0.75
2014/10/1 20:26,0.08,0.73
2014/10/1 20:28,0.08,0.72
2014/10/1 20:30,0.08,0.71
2014/10/1 20:32,0.08,0.7
2014/10/1 20:34,0.08,0.68
2014/10/1 20:36,0.08,0.68
2014/10/1 20:38,0.08,0.66
2014/10/1 20:40,0.08,0.65
2014/10/1 20:42,0.08,0.64
2014/10/1 20:44,0.08,0.63
2014/10/1 20:46,0.08,0.62
2014/10/1 20:48,0.08,0.61
2014/10/1 20:48,NAN,NAN
2014/10/2 2:24,0.1,0.62
2014/10/2 2:26,0.1,0.63
2014/10/2 2:28,0.1,0.65
2014/10/2 2:30,0.09,0.66
2014/10/2 2:32,0.09,0.67
2014/10/2 2:34,0.08,0.69
2014/10/2 2:36,0.09,0.7
2014/10/2 2:38,0.08,0.72
2014/10/2 2:40,0.08,0.73
2014/10/2 2:42,0.09,0.74
2014/10/2 2:44,0.09,0.76
2014/10/2 2:46,0.09,0.77
2014/10/2 2:48,0.09,0.78
2014/10/2 2:50,0.09,0.79
2014/10/2 2:52,0.09,0.8
2014/10/2 2:54,0.09,0.81
2014/10/2 2:56,0.1,0.83
2014/10/2 2:58,0.1,0.84
2014/10/2 3:00,0.1,0.85
2014/10/2 3:02,0.11,0.87
2014/10/2 3:04,0.11,0.88
2014/10/2 3:06,0.1,0.88
2014/10/2 3:08,0.11,0.89
2014/10/2 3:10,0.1,0.91
2014/10/2 3:12,0.1,0.92
2014/10/2 3:14,0.09,0.93
2014/10/2 3:16,0.1,0.94
2014/10/2 3:18,0.1,0.95
2014/10/2 3:20,0.09,0.97
2014/10/2 3:22,0.09,0.98
2014/10/2 3:24,0.09,0.99
2014/10/2 3:26,0.09,0.99
2014/10/2 3:28,0.09,1.01
2014/10/2 3:30,0.09,1.02
2014/10/2 3:32,0.09,1.03
2014/10/2 3:34,0.09,1.03
2014/10/2 3:36,0.09,1.04
2014/10/2 3:38,0.09,1.05
2014/10/2 3:40,0.09,1.07
2014/10/2 3:42,0.08,1.08
2014/10/2 3:44,0.09,1.09
2014/10/2 3:46,0.08,1.1
2014/10/2 3:48,0.08,1.11
2014/10/2 3:50,0.08,1.11
2014/10/2 3:52,0.08,1.12
2014/10/2 3:54,0.08,1.14
2014/10/2 3:56,0.08,1.14
2014/10/2 3:58,0.08,1.15
2014/10/2 4:00,0.08,1.16
2014/10/2 4:02,0.08,1.17
2014/10/2 4:04,0.08,1.17
2014/10/2 4:06,0.08,1.18
2014/10/2 4:08,0.08,1.19
2014/10/2 4:10,0.07,1.2
2014/10/2 4:12,0.08,1.2
2014/10/2 4:14,0.08,1.21
2014/10/2 4:16,0.07,1.21
2014/10/2 4:18,0.07,1.22
2014/10/2 4:20,0.08,1.23
2014/10/2 4:22,0.07,1.24
2014/10/2 4:24,0.08,1.24
2014/10/2 4:26,0.08,1.24
2014/10/2 4:28,0.07,1.24
2014/10/2 4:30,0.07,1.25
2014/10/2 4:32,0.07,1.24
2014/10/2 4:34,0.07,1.26
2014/10/2 4:36,0.08,1.26
2014/10/2 4:38,0.08,1.27
2014/10/2 4:40,0.08,1.27
2014/10/2 4:42,0.08,1.27
2014/10/2 4:44,0.08,1.27
2014/10/2 4:46,0.07,1.28
2014/10/2 4:48,0.07,1.27
2014/10/2 4:50,0.08,1.27
2014/10/2 4:52,0.08,1.27
2014/10/2 4:54,0.08,1.28
2014/10/2 4:56,0.08,1.27
2014/10/2 4:58,0.08,1.28
2014/10/2 5:00,0.08,1.27
2014/10/2 5:02,0.08,1.27
2014/10/2 5:04,0.09,1.28
2014/10/2 5:06,0.08,1.27
2014/10/2 5:08,0.08,1.27
2014/10/2 5:10,0.08,1.27
2014/10/2 5:12,0.08,1.27
2014/10/2 5:14,0.08,1.27
2014/10/2 5:16,0.08,1.26
2014/10/2 5:18,0.08,1.26
2014/10/2 5:20,0.07,1.25
2014/10/2 5:22,0.07,1.25
2014/10/2 5:24,0.08,1.25
2014/10/2 5:26,0.07,1.25
2014/10/2 5:28,0.07,1.24
2014/10/2 5:30,0.07,1.24
2014/10/2 5:32,0.07,1.23
2014/10/2 5:34,0.07,1.23
2014/10/2 5:36,0.07,1.22
2014/10/2 5:38,0.07,1.22
2014/10/2 5:40,0.07,1.21
2014/10/2 5:42,0.07,1.21
2014/10/2 5:44,0.07,1.19
2014/10/2 5:46,0.07,1.19
2014/10/2 5:48,0.07,1.19
2014/10/2 5:50,0.07,1.18
2014/10/2 5:52,0.07,1.18
2014/10/2 5:54,0.08,1.17
2014/10/2 5:56,0.08,1.16
2014/10/2 5:58,0.07,1.15
2014/10/2 6:00,0.09,1.13
2014/10/2 6:02,0.08,1.13
2014/10/2 6:04,0.09,1.13
2014/10/2 6:06,0.09,1.11
2014/10/2 6:08,0.11,1.1
2014/10/2 6:10,0.1,1.09
2014/10/2 6:12,0.1,1.09
2014/10/2 6:14,0.1,1.08
2014/10/2 6:16,0.09,1.06
2014/10/2 6:18,0.09,1.05
2014/10/2 6:20,0.08,1.04
2014/10/2 6:22,0.09,1.03
2014/10/2 6:24,0.09,1.02
2014/10/2 6:26,0.1,1.01
2014/10/2 6:28,0.09,1.01
2014/10/2 6:30,0.08,1
2014/10/2 6:32,0.08,0.99
2014/10/2 6:34,0.08,0.98
2014/10/2 6:36,0.08,0.98
2014/10/2 6:38,0.08,0.97
2014/10/2 6:40,0.08,0.95
2014/10/2 6:42,0.08,0.95
2014/10/2 6:44,0.08,0.93
2014/10/2 6:46,0.08,0.93
2014/10/2 6:48,0.08,0.92
2014/10/2 6:50,0.09,0.91
2014/10/2 6:52,0.09,0.9
2014/10/2 6:54,0.09,0.89
2014/10/2 6:56,0.09,0.89
2014/10/2 6:58,0.08,0.87
2014/10/2 7:00,0.08,0.85
2014/10/2 7:02,0.08,0.85
2014/10/2 7:04,0.08,0.85
2014/10/2 7:06,0.08,0.84
2014/10/2 7:08,0.08,0.82
2014/10/2 7:10,0.07,0.82
2014/10/2 7:12,0.07,0.81
2014/10/2 7:14,0.07,0.8
2014/10/2 7:16,0.08,0.8
2014/10/2 7:18,0.08,0.79
2014/10/2 7:20,0.08,0.78
2014/10/2 7:22,0.09,0.77
2014/10/2 7:24,0.08,0.76
2014/10/2 7:26,0.08,0.75
2014/10/2 7:28,0.08,0.73
2014/10/2 7:30,0.08,0.72
2014/10/2 7:32,0.08,0.72
2014/10/2 7:34,0.08,0.71
2014/10/2 7:36,0.08,0.7
2014/10/2 7:38,0.08,0.69
2014/10/2 7:40,0.09,0.69
2014/10/2 7:42,0.09,0.68
2014/10/2 7:44,0.08,0.66
2014/10/2 7:46,0.09,0.66
2014/10/2 7:48,0.09,0.65
2014/10/2 7:50,0.09,0.63
2014/10/2 7:52,0.09,0.63
2014/10/2 7:54,0.09,0.62
2014/10/2 7:56,0.09,0.61
2014/10/2 7:56,NAN,NAN
2014/10/2 14:18,0.14,0.61
2014/10/2 14:20,0.12,0.62
2014/10/2 14:22,0.13,0.64
2014/10/2 14:24,0.13,0.66
2014/10/2 14:26,0.12,0.68
2014/10/2 14:28,0.13,0.69
2014/10/2 14:30,0.12,0.71
2014/10/2 14:32,0.11,0.73
2014/10/2 14:34,0.11,0.75
2014/10/2 14:36,0.12,0.77
2014/10/2 14:38,0.11,0.79
2014/10/2 14:40,0.12,0.8
2014/10/2 14:42,0.13,0.82
2014/10/2 14:44,0.13,0.85
2014/10/2 14:46,0.13,0.86
2014/10/2 14:48,0.12,0.87
2014/10/2 14:50,0.13,0.89
2014/10/2 14:52,0.12,0.91
2014/10/2 14:54,0.12,0.93
2014/10/2 14:56,0.13,0.96
2014/10/2 14:58,0.13,0.96
2014/10/2 15:00,0.12,0.97
2014/10/2 15:02,0.12,1
2014/10/2 15:04,0.11,1.02
2014/10/2 15:06,0.11,1.03
2014/10/2 15:08,0.11,1.04
2014/10/2 15:10,0.12,1.06
2014/10/2 15:12,0.11,1.07
2014/10/2 15:14,0.12,1.1
2014/10/2 15:16,0.12,1.11
2014/10/2 15:18,0.14,1.13
2014/10/2 15:20,0.14,1.14
2014/10/2 15:22,0.12,1.16
2014/10/2 15:24,0.12,1.17
2014/10/2 15:26,0.12,1.19
2014/10/2 15:28,0.13,1.21
2014/10/2 15:30,0.11,1.23
2014/10/2 15:32,0.11,1.23
2014/10/2 15:34,0.11,1.24
2014/10/2 15:36,0.11,1.26
2014/10/2 15:38,0.11,1.28
2014/10/2 15:40,0.11,1.28
2014/10/2 15:42,0.11,1.3
2014/10/2 15:44,0.11,1.32
2014/10/2 15:46,0.1,1.32
2014/10/2 15:48,0.11,1.34
2014/10/2 15:50,0.11,1.35
2014/10/2 15:52,0.09,1.36
2014/10/2 15:54,0.09,1.39
2014/10/2 15:56,0.09,1.4
2014/10/2 15:58,0.1,1.4
2014/10/2 16:00,0.1,1.41
2014/10/2 16:02,0.08,1.43
2014/10/2 16:04,0.08,1.45
2014/10/2 16:06,0.09,1.46
2014/10/2 16:08,0.09,1.47
2014/10/2 16:10,0.09,1.49
2014/10/2 16:12,0.09,1.5
2014/10/2 16:14,0.09,1.52
2014/10/2 16:16,0.09,1.53
2014/10/2 16:18,0.09,1.54
2014/10/2 16:20,0.09,1.54
2014/10/2 16:22,0.11,1.56
2014/10/2 16:24,0.1,1.57
2014/10/2 16:26,0.11,1.58
2014/10/2 16:28,0.09,1.6
2014/10/2 16:30,0.11,1.61
2014/10/2 16:32,0.1,1.61
2014/10/2 16:34,0.1,1.63
2014/10/2 16:36,0.11,1.64
2014/10/2 16:38,0.11,1.65
2014/10/2 16:40,0.11,1.67
2014/10/2 16:42,0.1,1.68
2014/10/2 16:44,0.09,1.69
2014/10/2 16:46,0.1,1.7
2014/10/2 16:48,0.09,1.71
2014/10/2 16:50,0.09,1.71
2014/10/2 16:52,0.09,1.72
2014/10/2 16:54,0.1,1.74
2014/10/2 16:56,0.09,1.74
2014/10/2 16:58,0.09,1.75
2014/10/2 17:00,0.1,1.75
2014/10/2 17:02,0.1,1.76
2014/10/2 17:04,0.09,1.77
2014/10/2 17:06,0.09,1.77
2014/10/2 17:08,0.1,1.78
2014/10/2 17:10,0.09,1.78
2014/10/2 17:12,0.1,1.79
2014/10/2 17:14,0.09,1.79
2014/10/2 17:16,0.1,1.8
2014/10/2 17:18,0.09,1.81
2014/10/2 17:20,0.09,1.81
2014/10/2 17:22,0.1,1.82
2014/10/2 17:24,0.1,1.81
2014/10/2 17:26,0.09,1.82
2014/10/2 17:28,0.09,1.83
2014/10/2 17:30,0.1,1.83
2014/10/2 17:32,0.09,1.83
2014/10/2 17:34,0.1,1.84
2014/10/2 17:36,0.09,1.84
2014/10/2 17:38,0.09,1.85
2014/10/2 17:40,0.09,1.85
2014/10/2 17:42,0.09,1.85
2014/10/2 17:44,0.09,1.85
2014/10/2 17:46,0.09,1.85
2014/10/2 17:48,0.09,1.86
2014/10/2 17:50,0.09,1.86
2014/10/2 17:52,0.09,1.85
2014/10/2 17:54,0.09,1.85
2014/10/2 17:56,0.09,1.85
2014/10/2 17:58,0.09,1.86
2014/10/2 18:00,0.09,1.86
2014/10/2 18:02,0.09,1.85
2014/10/2 18:04,0.09,1.86
2014/10/2 18:06,0.09,1.86
2014/10/2 18:08,0.08,1.85
2014/10/2 18:10,0.08,1.85
2014/10/2 18:12,0.08,1.85
2014/10/2 18:14,0.08,1.85
2014/10/2 18:16,0.09,1.84
2014/10/2 18:18,0.09,1.84
2014/10/2 18:20,0.08,1.84
2014/10/2 18:22,0.08,1.83
2014/10/2 18:24,0.09,1.83
2014/10/2 18:26,0.08,1.82
2014/10/2 18:28,0.09,1.81
2014/10/2 18:30,0.07,1.81
2014/10/2 18:32,0.07,1.81
2014/10/2 18:34,0.08,1.8
2014/10/2 18:36,0.08,1.79
2014/10/2 18:38,0.08,1.79
2014/10/2 18:40,0.07,1.79
2014/10/2 18:42,0.08,1.77
2014/10/2 18:44,0.08,1.77
2014/10/2 18:46,0.08,1.76
2014/10/2 18:48,0.08,1.75
2014/10/2 18:50,0.08,1.74
2014/10/2 18:52,0.08,1.74
2014/10/2 18:54,0.08,1.73
2014/10/2 18:56,0.08,1.73
2014/10/2 18:58,0.09,1.72
2014/10/2 19:00,0.09,1.71
2014/10/2 19:02,0.08,1.7
2014/10/2 19:04,0.08,1.68
2014/10/2 19:06,0.08,1.68
2014/10/2 19:08,0.09,1.68
2014/10/2 19:10,0.08,1.67
2014/10/2 19:12,0.08,1.66
2014/10/2 19:14,0.1,1.65
2014/10/2 19:16,0.09,1.64
2014/10/2 19:18,0.09,1.64
2014/10/2 19:20,0.1,1.63
2014/10/2 19:22,0.09,1.62
2014/10/2 19:24,0.09,1.61
2014/10/2 19:26,0.08,1.6
2014/10/2 19:28,0.09,1.59
2014/10/2 19:30,0.09,1.58
2014/10/2 19:32,0.09,1.57
2014/10/2 19:34,0.09,1.56
2014/10/2 19:36,0.08,1.55
2014/10/2 19:38,0.08,1.54
2014/10/2 19:40,0.07,1.52
2014/10/2 19:42,0.07,1.52
2014/10/2 19:44,0.07,1.52
2014/10/2 19:46,0.08,1.5
2014/10/2 19:48,0.08,1.49
2014/10/2 19:50,0.08,1.48
2014/10/2 19:52,0.08,1.47
2014/10/2 19:54,0.09,1.46
2014/10/2 19:56,0.09,1.46
2014/10/2 19:58,0.09,1.45
2014/10/2 20:00,0.09,1.45
2014/10/2 20:02,0.08,1.43
2014/10/2 20:04,0.09,1.42
2014/10/2 20:06,0.09,1.41
2014/10/2 20:08,0.09,1.41
2014/10/2 20:10,0.09,1.39
2014/10/2 20:12,0.09,1.39
2014/10/2 20:14,0.09,1.38
2014/10/2 20:16,0.09,1.36
2014/10/2 20:18,0.09,1.36
2014/10/2 20:20,0.08,1.36
2014/10/2 20:22,0.09,1.35
2014/10/2 20:24,0.08,1.34
2014/10/2 20:26,0.08,1.32
2014/10/2 20:28,0.08,1.32
2014/10/2 20:30,0.09,1.32
2014/10/2 20:32,0.09,1.31
2014/10/2 20:34,0.09,1.3
2014/10/2 20:36,0.09,1.29
2014/10/2 20:38,0.08,1.28
2014/10/2 20:40,0.09,1.28
2014/10/2 20:42,0.08,1.26
2014/10/2 20:44,0.08,1.25
2014/10/2 20:46,0.08,1.25
2014/10/2 20:48,0.08,1.23
2014/10/2 20:50,0.08,1.22
2014/10/2 20:52,0.08,1.21
2014/10/2 20:54,0.08,1.21
2014/10/2 20:56,0.07,1.2
2014/10/2 20:58,0.08,1.19
2014/10/2 21:00,0.08,1.18
2014/10/2 21:02,0.08,1.17
2014/10/2 21:04,0.08,1.15
2014/10/2 21:06,0.08,1.15
2014/10/2 21:08,0.08,1.15
2014/10/2 21:10,0.08,1.14
2014/10/2 21:12,0.08,1.12
2014/10/2 21:14,0.09,1.12
2014/10/2 21:16,0.08,1.11
2014/10/2 21:18,0.08,1.1
2014/10/2 21:20,0.08,1.09
2014/10/2 21:22,0.08,1.08
2014/10/2 21:24,0.08,1.08
2014/10/2 21:26,0.08,1.06
2014/10/2 21:28,0.08,1.05
2014/10/2 21:30,0.08,1.05
2014/10/2 21:32,0.08,1.03
2014/10/2 21:34,0.08,1.02
2014/10/2 21:36,0.08,1.01
2014/10/2 21:38,0.08,1.01
2014/10/2 21:40,0.07,1
2014/10/2 21:42,0.08,0.99
2014/10/2 21:44,0.08,0.98
2014/10/2 21:46,0.08,0.97
2014/10/2 21:48,0.08,0.95
2014/10/2 21:50,0.08,0.95
2014/10/2 21:52,0.07,0.93
2014/10/2 21:54,0.07,0.93
2014/10/2 21:56,0.07,0.92
2014/10/2 21:58,0.07,0.91
2014/10/2 22:00,0.08,0.9
2014/10/2 22:02,0.07,0.89
2014/10/2 22:04,0.08,0.88
2014/10/2 22:06,0.07,0.87
2014/10/2 22:08,0.07,0.86
2014/10/2 22:10,0.07,0.85
2014/10/2 22:12,0.07,0.84
2014/10/2 22:14,0.07,0.83
2014/10/2 22:16,0.07,0.82
2014/10/2 22:18,0.07,0.8
2014/10/2 22:20,0.08,0.8
2014/10/2 22:22,0.07,0.79
2014/10/2 22:24,0.07,0.78
2014/10/2 22:26,0.07,0.77
2014/10/2 22:28,0.07,0.76
2014/10/2 22:30,0.07,0.75
2014/10/2 22:32,0.07,0.74
2014/10/2 22:34,0.07,0.73
2014/10/2 22:36,0.07,0.72
2014/10/2 22:38,0.07,0.71
2014/10/2 22:40,0.07,0.7
2014/10/2 22:42,0.07,0.69
2014/10/2 22:44,0.07,0.68
2014/10/2 22:46,0.07,0.67
2014/10/2 22:48,0.07,0.66
2014/10/2 22:50,0.07,0.65
2014/10/2 22:52,0.07,0.63
2014/10/2 22:54,0.07,0.62
2014/10/2 22:56,0.07,0.61
2014/10/2 22:58,0.07,0.61
2014/10/2 22:58,NAN,NAN
2014/10/3 4:08,0.1,0.61
2014/10/3 4:10,0.09,0.62
2014/10/3 4:12,0.09,0.63
2014/10/3 4:14,0.09,0.64
2014/10/3 4:16,0.09,0.66
2014/10/3 4:18,0.09,0.67
2014/10/3 4:20,0.09,0.68
2014/10/3 4:22,0.1,0.68
2014/10/3 4:24,0.09,0.7
2014/10/3 4:26,0.09,0.72
2014/10/3 4:28,0.09,0.72
2014/10/3 4:30,0.1,0.73
2014/10/3 4:32,0.09,0.74
2014/10/3 4:34,0.09,0.76
2014/10/3 4:36,0.09,0.76
2014/10/3 4:38,0.1,0.78
2014/10/3 4:40,0.1,0.79
2014/10/3 4:42,0.1,0.8
2014/10/3 4:44,0.11,0.81
2014/10/3 4:46,0.1,0.82
2014/10/3 4:48,0.1,0.83
2014/10/3 4:50,0.1,0.84
2014/10/3 4:52,0.1,0.86
2014/10/3 4:54,0.09,0.87
2014/10/3 4:56,0.1,0.87
2014/10/3 4:58,0.09,0.89
2014/10/3 5:00,0.1,0.9
2014/10/3 5:02,0.09,0.9
2014/10/3 5:04,0.09,0.91
2014/10/3 5:06,0.09,0.92
2014/10/3 5:08,0.09,0.94
2014/10/3 5:10,0.08,0.94
2014/10/3 5:12,0.08,0.95
2014/10/3 5:14,0.08,0.97
2014/10/3 5:16,0.08,0.97
2014/10/3 5:18,0.08,0.98
2014/10/3 5:20,0.08,0.99
2014/10/3 5:22,0.08,1
2014/10/3 5:24,0.08,1
2014/10/3 5:26,0.07,1.01
2014/10/3 5:28,0.07,1.02
2014/10/3 5:30,0.07,1.02
2014/10/3 5:32,0.07,1.03
2014/10/3 5:34,0.07,1.05
2014/10/3 5:36,0.07,1.05
2014/10/3 5:38,0.07,1.06
2014/10/3 5:40,0.07,1.06
2014/10/3 5:42,0.08,1.06
2014/10/3 5:44,0.08,1.07
2014/10/3 5:46,0.07,1.08
2014/10/3 5:48,0.08,1.08
2014/10/3 5:50,0.07,1.09
2014/10/3 5:52,0.08,1.09
2014/10/3 5:54,0.07,1.09
2014/10/3 5:56,0.08,1.11
2014/10/3 5:58,0.08,1.11
2014/10/3 6:00,0.07,1.11
2014/10/3 6:02,0.08,1.12
2014/10/3 6:04,0.07,1.12
2014/10/3 6:06,0.07,1.12
2014/10/3 6:08,0.08,1.13
2014/10/3 6:10,0.08,1.12
2014/10/3 6:12,0.08,1.13
2014/10/3 6:14,0.08,1.14
2014/10/3 6:16,0.08,1.13
2014/10/3 6:18,0.07,1.14
2014/10/3 6:20,0.07,1.14
2014/10/3 6:22,0.07,1.14
2014/10/3 6:24,0.07,1.14
2014/10/3 6:26,0.07,1.14
2014/10/3 6:28,0.07,1.15
2014/10/3 6:30,0.07,1.15
2014/10/3 6:32,0.07,1.15
2014/10/3 6:34,0.07,1.14
2014/10/3 6:36,0.07,1.14
2014/10/3 6:38,0.07,1.15
2014/10/3 6:40,0.07,1.15
2014/10/3 6:42,0.07,1.14
2014/10/3 6:44,0.07,1.14
2014/10/3 6:46,0.07,1.14
2014/10/3 6:48,0.07,1.15
2014/10/3 6:50,0.07,1.15
2014/10/3 6:52,0.07,1.14
2014/10/3 6:54,0.08,1.14
2014/10/3 6:56,0.07,1.14
2014/10/3 6:58,0.07,1.14
2014/10/3 7:00,0.07,1.14
2014/10/3 7:02,0.07,1.14
2014/10/3 7:04,0.07,1.13
2014/10/3 7:06,0.07,1.13
2014/10/3 7:08,0.07,1.13
2014/10/3 7:10,0.08,1.13
2014/10/3 7:12,0.07,1.13
2014/10/3 7:14,0.07,1.12
2014/10/3 7:16,0.08,1.12
2014/10/3 7:18,0.08,1.11
2014/10/3 7:20,0.07,1.11
2014/10/3 7:22,0.07,1.11
2014/10/3 7:24,0.09,1.11
2014/10/3 7:26,0.08,1.11
2014/10/3 7:28,0.08,1.1
2014/10/3 7:30,0.08,1.09
2014/10/3 7:32,0.09,1.09
2014/10/3 7:34,0.09,1.09
2014/10/3 7:36,0.08,1.09
2014/10/3 7:38,0.08,1.09
2014/10/3 7:40,0.08,1.08
2014/10/3 7:42,0.09,1.07
2014/10/3 7:44,0.08,1.07
2014/10/3 7:46,0.09,1.07
2014/10/3 7:48,0.07,1.06
2014/10/3 7:50,0.08,1.05
2014/10/3 7:52,0.08,1.04
2014/10/3 7:54,0.09,1.05
2014/10/3 7:56,0.08,1.04
2014/10/3 7:58,0.09,1.03
2014/10/3 8:00,0.08,1.03
2014/10/3 8:02,0.08,1.02
2014/10/3 8:04,0.09,1.01
2014/10/3 8:06,0.09,1.01
2014/10/3 8:08,0.08,1
2014/10/3 8:10,0.09,1
2014/10/3 8:12,0.08,1
2014/10/3 8:14,0.08,0.98
2014/10/3 8:16,0.08,0.97
2014/10/3 8:18,0.08,0.97
2014/10/3 8:20,0.08,0.97
2014/10/3 8:22,0.08,0.97
2014/10/3 8:24,0.09,0.97
2014/10/3 8:26,0.09,0.95
2014/10/3 8:28,0.08,0.94
2014/10/3 8:30,0.08,0.93
2014/10/3 8:32,0.09,0.92
2014/10/3 8:34,0.09,0.92
2014/10/3 8:36,0.1,0.92
2014/10/3 8:38,0.09,0.91
2014/10/3 8:40,0.09,0.9
2014/10/3 8:42,0.09,0.9
2014/10/3 8:44,0.08,0.9
2014/10/3 8:46,0.08,0.89
2014/10/3 8:48,0.08,0.88
2014/10/3 8:50,0.08,0.87
2014/10/3 8:52,0.08,0.86
2014/10/3 8:54,0.09,0.85
2014/10/3 8:56,0.09,0.85
2014/10/3 8:58,0.09,0.86
2014/10/3 9:00,0.09,0.84
2014/10/3 9:02,0.1,0.84
2014/10/3 9:04,0.08,0.83
2014/10/3 9:06,0.09,0.83
2014/10/3 9:08,0.08,0.82
2014/10/3 9:10,0.08,0.82
2014/10/3 9:12,0.09,0.81
2014/10/3 9:14,0.09,0.8
2014/10/3 9:16,0.09,0.8
2014/10/3 9:18,0.09,0.79
2014/10/3 9:20,0.09,0.79
2014/10/3 9:22,0.09,0.78
2014/10/3 9:24,0.09,0.77
2014/10/3 9:26,0.09,0.77
2014/10/3 9:28,0.09,0.77
2014/10/3 9:30,0.09,0.75
2014/10/3 9:32,0.09,0.74
2014/10/3 9:34,0.09,0.74
2014/10/3 9:36,0.1,0.73
2014/10/3 9:38,0.09,0.73
2014/10/3 9:40,0.09,0.73
2014/10/3 9:42,0.09,0.72
2014/10/3 9:44,0.09,0.71
2014/10/3 9:46,0.09,0.71
2014/10/3 9:48,0.09,0.71
2014/10/3 9:50,0.09,0.69
2014/10/3 9:52,0.09,0.69
2014/10/3 9:54,0.1,0.68
2014/10/3 9:56,0.09,0.67
2014/10/3 9:58,0.09,0.67
2014/10/3 10:00,0.09,0.67
2014/10/3 10:02,0.09,0.66
2014/10/3 10:04,0.09,0.66
2014/10/3 10:06,0.09,0.65
2014/10/3 10:08,0.09,0.64
2014/10/3 10:10,0.09,0.63
2014/10/3 10:12,0.09,0.64
2014/10/3 10:14,0.09,0.63
2014/10/3 10:16,0.09,0.62
2014/10/3 10:18,0.09,0.62
2014/10/3 10:20,0.09,0.62
2014/10/3 10:22,0.09,0.61
2014/10/3 10:50,0.11,0.97
